D2473	T1591
D1106	T1550
D2056	T2320
D1524	T3150
D0340	T0082
D1475	T1324
D1299	T0383
D1688	T1057
D1945	T2595
D1183	T0218
D2469	T3134
D1366	T2069
D0724	T2000
D1965	T1653
D0736	T1302
D2087	T2774
D1745	T1070
D1829	T1098
D2765	T3324
D1633	T3125
D1239	T2066
D1779	T0467
D1566	T0771
D1012	T1164
D1986	T1350
D0572	T1171
D0965	T3415
D1963	T2413
D0949	T1532
D1886	T3348
D1389	T1451
D1652	T3405
D2658	T0517
D2352	T1531
D0366	T1465
D1917	T2269
D2537	T1522
D0614	T3308
D1256	T1988
D1886	T0577
D2506	T2666
D1383	T2983
D1718	T0305
D1633	T1318
D1366	T2761
D2766	T0442
D0163	T2321
D2260	T1737
D0573	T1378
D0021	T3002
D2031	T1277
D1940	T0509
D0312	T0855
D2870	T0493
D1743	T0324
D2961	T3191
D1688	T1114
D1836	T1454
D0802	T0340
D1754	T1523
D0169	T1214
D2048	T0378
D0456	T0115
D0498	T3070
D2053	T1493
D2279	T3076
D0949	T1531
D0995	T3162
D1769	T2191
D1569	T1845
D2137	T2577
D1805	T2130
D2349	T2533
D1657	T0802
D0339	T0623
D2972	T3235
D1366	T0735
D0994	T0442
D2573	T1647
D1387	T2913
D1741	T0853
D2368	T1666
D0949	T2905
D2515	T0405
D1020	T1233
D1764	T0118
D2302	T1771
D2322	T2624
D1968	T3234
D2613	T3226
D0451	T3007
D2028	T1420
D1940	T2402
D1183	T1787
D1069	T0145
D2115	T1865
D2955	T2746
D1981	T1541
D1144	T3361
D1183	T2343
D2913	T1880
D2281	T2866
D2758	T2817
D1886	T2016
D1606	T0092
D2670	T1840
D0471	T1214
D2058	T2279
D0802	T1577
D0245	T2468
D1183	T0776
D0936	T1463
D1633	T1098
D1147	T1804
D2982	T3403
D0769	T0200
D2980	T1011
D0211	T3070
D2922	T3316
D0219	T0017
D1332	T1406
D0928	T0974
D0858	T1371
D1411	T0009
D1940	T0428
D1859	T1766
D2143	T1689
D0025	T2248
D1012	T2214
D1688	T2493
D2534	T0915
D0006	T1231
D0624	T0609
D1688	T0062
D0026	T1507
D1748	T1132
D1940	T2731
D1241	T1556
D2802	T3152
D1349	T1366
D1020	T0657
D2460	T2454
D1633	T0212
D1646	T0462
D1222	T3284
D0661	T1447
D2259	T3107
D3020	T2142
D2890	T3406
D0265	T0632
D1609	T0994
D1807	T2971
D0954	T3044
D2644	T1384
D2444	T1647
D0813	T3097
D1922	T2848
D0526	T0441
D2053	T1351
D1300	T0389
D2137	T2827
D3026	T1109
D2444	T0170
D0047	T0084
D2784	T3122
D1416	T3153
D0422	T0018
D1851	T2279
D1529	T1875
D0998	T1199
D0286	T0018
D1071	T0869
D2703	T1032
D1633	T2113
D2642	T1303
D2133	T1546
D1893	T2435
D2937	T2923
D2433	T0958
D2302	T1384
D2227	T0384
D0770	T2465
D1940	T1361
D1743	T0476
D0672	T3134
D0707	T2852
D0537	T2386
D1086	T0440
D1633	T2531
D1227	T0208
D1060	T2261
D1940	T2545
D2356	T2279
D2706	T0909
D0197	T0632
D2490	T3183
D1253	T0414
D2392	T0205
D0043	T1354
D1798	T3411
D1606	T2194
D1858	T1191
D1945	T3015
D1659	T0898
D0343	T3343
D2186	T3204
D0925	T2320
D0578	T2248
D1020	T1235
D0471	T0333
D0906	T1510
D2759	T0359
D2471	T1588
D2047	T0046
D2843	T1952
D2825	T2731
D2310	T0937
D0022	T1884
D3052	T3416
D1492	T0963
D2933	T0867
D1183	T3080
D0788	T1753
D1826	T0883
D1688	T1058
D1567	T2376
D0150	T1378
D1633	T2226
D1743	T2557
D1752	T0391
D0565	T0441
D1418	T0788
D2867	T2770
D0579	T1713
D2108	T2557
D1357	T1524
D0386	T0645
D3054	T1447
D1706	T0946
D2911	T1098
D2336	T1923
D2444	T3401
D1743	T3439
D0356	T2105
D0527	T0112
D0867	T1827
D1741	T2007
D1332	T1846
D2401	T0411
D1082	T2279
D0949	T2649
D2087	T1674
D2717	T2870
D2594	T0653
D2842	T1563
D1974	T0793
D1983	T1765
D0630	T0464
D1837	T1125
D0888	T2452
D2087	T1093
D0802	T2405
D2025	T1237
D0621	T0448
D0474	T0112
D0977	T0880
D0802	T1600
D1856	T2279
D0923	T1240
D0758	T2341
D2149	T1384
D0864	T2671
D1633	T2572
D2948	T2041
D1688	T1868
D1633	T0396
D2471	T1591
D1944	T0349
D1564	T1794
D2806	T2474
D2776	T3238
D0113	T0085
D2330	T0616
D2549	T2394
D1157	T2157
D0130	T0073
D1069	T0052
D2912	T1044
D1049	T0277
D2666	T2347
D1286	T2867
D0765	T1383
D1323	T2200
D1606	T1678
D1826	T2471
D3008	T3135
D1704	T3316
D2046	T2196
D0949	T1539
D2087	T1243
D1629	T2000
D2985	T2095
D2260	T1734
D2588	T0187
D0285	T0420
D0839	T0069
D0057	T0326
D1120	T1989
D0051	T2156
D1354	T3113
D1183	T1011
D2302	T2202
D1633	T2442
D2756	T1327
D1606	T0732
D0139	T0115
D0277	T3059
D0598	T0478
D2089	T1502
D0335	T0492
D2787	T2502
D2647	T1385
D1741	T2222
D1263	T2059
D0949	T1462
D1183	T0647
D2731	T1580
D0072	T3026
D1106	T3140
D2118	T1933
D1294	T1471
D1020	T0658
D2413	T3297
D2756	T0840
D2911	T2004
D0984	T2503
D1909	T2319
D2302	T2074
D0949	T1335
D1315	T3245
D1020	T0916
D1511	T1017
D1652	T1135
D1633	T1389
D1346	T2989
D2520	T2441
D1283	T0126
D2560	T0851
D2511	T1317
D1688	T1989
D2459	T0275
D1741	T2452
D1543	T1210
D1940	T1359
D0115	T3060
D2023	T2971
D1152	T0259
D0386	T2918
D1144	T2384
D1606	T1354
D0573	T0112
D2401	T1850
D2628	T2066
D1915	T1765
D3070	T0725
D2069	T1282
D0981	T3226
D1183	T1065
D1738	T3014
D0975	T2140
D1332	T1381
D1688	T1004
D2631	T1741
D1279	T0546
D1719	T0176
D1192	T1641
D0382	T0115
D2932	T0867
D2756	T0841
D1826	T3224
D2756	T2318
D2845	T1563
D1652	T1913
D1078	T0177
D1813	T2773
D2784	T1553
D1331	T1931
D0548	T0077
D2989	T0345
D2729	T1374
D2551	T1748
D0685	T1758
D1012	T0590
D2830	T2444
D0710	T1522
D0436	T1089
D2947	T3187
D1160	T0391
D1940	T1146
D0707	T1341
D1688	T0063
D2349	T1455
D1437	T2805
D1069	T0042
D1366	T2591
D1631	T3382
D1020	T1585
D1550	T2870
D2042	T3228
D1633	T0692
D2583	T3326
D1826	T0890
D1189	T1953
D1237	T1673
D1183	T1110
D2302	T2520
D1741	T2286
D2195	T0200
D1743	T1179
D0932	T0195
D1578	T1969
D0909	T2343
D1633	T0150
D1074	T2922
D1144	T2144
D1688	T1039
D0846	T0408
D0450	T0589
D2341	T0575
D1916	T1367
D2796	T1310
D0962	T2325
D2053	T2289
D0012	T3070
D0798	T1347
D0051	T0492
D1633	T2581
D0949	T1526
D1826	T1878
D1826	T1427
D0276	T3004
D2546	T0164
D1867	T0787
D1183	T1356
D2756	T0614
D2850	T2512
D2137	T0394
D2879	T2971
D0949	T2225
D1033	T1992
D1633	T2262
D1688	T1732
D1940	T0170
D0738	T2398
D2576	T1569
D2985	T1097
D1537	T2446
D0990	T0442
D0973	T0131
D1728	T0746
D2302	T3240
D2451	T2426
D2969	T1934
D1075	T0003
D3026	T3389
D1460	T0349
D0801	T1196
D2362	T1887
D0005	T2081
D2215	T0672
D1515	T1760
D2892	T0894
D1366	T3233
D3009	T3370
D1553	T2337
D1914	T1936
D0228	T1290
D2087	T1826
D2185	T0337
D0250	T0854
D2810	T0442
D0589	T2207
D2087	T2356
D2086	T0442
D2845	T2218
D2087	T1982
D0036	T0112
D2791	T2369
D1854	T1683
D0612	T0131
D0116	T3382
D1741	T2077
D0189	T1171
D2349	T2011
D2867	T0344
D0560	T0330
D0871	T2417
D1171	T0496
D0949	T0809
D0386	T2920
D2112	T3323
D2574	T1188
D0204	T3060
D2302	T2835
D1997	T0934
D2558	T0950
D1940	T1148
D2950	T3243
D2673	T0157
D0138	T0855
D1688	T1952
D0455	T0441
D1652	T0312
D0004	T3069
D1741	T1871
D1633	T1826
D1445	T2926
D0996	T1017
D1332	T2087
D2254	T0975
D1192	T2557
D1937	T0685
D0176	T1171
D2025	T2215
D0933	T2300
D2232	T0887
D0808	T3139
D1940	T1301
D2226	T0223
D1530	T1216
D0927	T2309
D0337	T3268
D0052	T2246
D2803	T2318
D2898	T0425
D1688	T2739
D2899	T1564
D1634	T0985
D1633	T0172
D1253	T0976
D0047	T1378
D1563	T2913
D1633	T3467
D1633	T1757
D0058	T1913
D1063	T1216
D0401	T0628
D1339	T0527
D1039	T1541
D2129	T2340
D1712	T1954
D1787	T2281
D1137	T2343
D2075	T2339
D0251	T1378
D0949	T0081
D0949	T2442
D2302	T2844
D2813	T2417
D0474	T0082
D2345	T1673
D2378	T1413
D0264	T1378
D3015	T2377
D0552	T0244
D1854	T1283
D2687	T3132
D1784	T0465
D1940	T2697
D1694	T0442
D1183	T0836
D1741	T2987
D1175	T0399
D0444	T3004
D1940	T2045
D0101	T3062
D1411	T0967
D2548	T2434
D2588	T1090
D1989	T3106
D0435	T3002
D0320	T0083
D2192	T0566
D1183	T2422
D0949	T3015
D2397	T1074
D1152	T3225
D1012	T1492
D0249	T1507
D1086	T0442
D0584	T2386
D3061	T1750
D0998	T0327
D0561	T1913
D1315	T2089
D0299	T0434
D1622	T1949
D2548	T3255
D0949	T0781
D1332	T0497
D1406	T3223
D2725	T1694
D1826	T1561
D0886	T0100
D1735	T2478
D2276	T3150
D0949	T2943
D0020	T2081
D2780	T0675
D1826	T2439
D0527	T0113
D1391	T0624
D0968	T2555
D2856	T0627
D2525	T1042
D1567	T3316
D0194	T3070
D2520	T2742
D2273	T0087
D1111	T0785
D2964	T0197
D0965	T2861
D1411	T1660
D1320	T1311
D0949	T1233
D1418	T2417
D0189	T1974
D1301	T0398
D2852	T0325
D1940	T0715
D0459	T3002
D2302	T0128
D2112	T0674
D0646	T1673
D2899	T3359
D0113	T1378
D0574	T0082
D0834	T1087
D1183	T2875
D1164	T2237
D0679	T2039
D2576	T3092
D1530	T3229
D2913	T3336
D0949	T0582
D1633	T2590
D0802	T2574
D0440	T2215
D3025	T3031
D2368	T3315
D1940	T1358
D0227	T0420
D0138	T0112
D0768	T0012
D1688	T1899
D2302	T2607
D2278	T0565
D1332	T3017
D1390	T1411
D2974	T2095
D2302	T2417
D2331	T2474
D2391	T0273
D0998	T2905
D2360	T0411
D2224	T1195
D2277	T3134
D0949	T0549
D0283	T0870
D1688	T1230
D0176	T1214
D1411	T1231
D1265	T0469
D1446	T0618
D1890	T2722
D1366	T0436
D0010	T2246
D1690	T3316
D0707	T0808
D1746	T0246
D2097	T0208
D0067	T3035
D2756	T1806
D1078	T2133
D2046	T0356
D1893	T0946
D2771	T1933
D1633	T1668
D1743	T2768
D2532	T0072
D2626	T0099
D1888	T1429
D1931	T2579
D2745	T0600
D2009	T2437
D1012	T3431
D0037	T0076
D0619	T2002
D2008	T2444
D1530	T0808
D1886	T1249
D1158	T3226
D0371	T0082
D3037	T0872
D2782	T0894
D1411	T0383
D2046	T2525
D2588	T0356
D1551	T3414
D2185	T0759
D0045	T2340
D1555	T1920
D1738	T2972
D1940	T2247
D1977	T1633
D2302	T1680
D2228	T0678
D1850	T0524
D2985	T1133
D1183	T1201
D2266	T2182
D2364	T0639
D2137	T1415
D1893	T3370
D0802	T3424
D2023	T1668
D2400	T0128
D1406	T1573
D0438	T0139
D1886	T2389
D0441	T1764
D1799	T2727
D1813	T1412
D1087	T0199
D2370	T3082
D1940	T0719
D2173	T3356
D0133	T2057
D1436	T0496
D0064	T3070
D0353	T3060
D2032	T2855
D1688	T0821
D2840	T2151
D0707	T1595
D1940	T0639
D2726	T2932
D2004	T0565
D2405	T2500
D1903	T3466
D1826	T0281
D0014	T2891
D0494	T0932
D1662	T3316
D1173	T0391
D2443	T2354
D1446	T0619
D2867	T2700
D2975	T2971
D1860	T1613
D1069	T0321
D2913	T0190
D0110	T0326
D2500	T1656
D2007	T0802
D1069	T0304
D2487	T2121
D0949	T0861
D0444	T3007
D1374	T0608
D2860	T3332
D1911	T1760
D1633	T2839
D1743	T1986
D1340	T0571
D1743	T0103
D1332	T0866
D2711	T2271
D1893	T1116
D0386	T2902
D1919	T0371
D0021	T3006
D0560	T1507
D3017	T2390
D2884	T0639
D1826	T0903
D0443	T0238
D0112	T2963
D0710	T1212
D1940	T0642
D2134	T0376
D2867	T1655
D1366	T3238
D0892	T1396
D2764	T3324
D1633	T0529
D2985	T1246
D1297	T0757
D1633	T1090
D1826	T0282
D0518	T0931
D1205	T2452
D1366	T0038
D3009	T3364
D0287	T2207
D0388	T2365
D2454	T2077
D2756	T3303
D1020	T0104
D1323	T3058
D0928	T0967
D1633	T0099
D2867	T3089
D2968	T0071
D2476	T0370
D2756	T0532
D2035	T0962
D2138	T2546
D1332	T0383
D2897	T1936
D1316	T1890
D1606	T0293
D0949	T2031
D1940	T2482
D2554	T2249
D1020	T0537
D2928	T2709
D1785	T0129
D2302	T2160
D1157	T2272
D1012	T2425
D2207	T3097
D0933	T2251
D0804	T1541
D0339	T3382
D1406	T1455
D0944	T0523
D0707	T0529
D1332	T2667
D0355	T0073
D0688	T0861
D1012	T0804
D0419	T2248
D0167	T0138
D3053	T2983
D1894	T1257
D0933	T2649
D1531	T1181
D0578	T2246
D1458	T0144
D1923	T0564
D1366	T0597
D1741	T2078
D1071	T0294
D3023	T1929
D0065	T3000
D0802	T1275
D1321	T0554
D2990	T3374
D1633	T0436
D2614	T2382
D1332	T3357
D1012	T0311
D2302	T1976
D2604	T0967
D2973	T2458
D2748	T0288
D2380	T2053
D1567	T3383
D1293	T1473
D0483	T3070
D2589	T0936
D1652	T1918
D1996	T2082
D1606	T1770
D0281	T1378
D2172	T2144
D0968	T0945
D0014	T2893
D2469	T1588
D0241	T3343
D0244	T0855
D2673	T1777
D1743	T2860
D2137	T2000
D0375	T3391
D1366	T0567
D0851	T0609
D2447	T2378
D2302	T0450
D2137	T1822
D1606	T1351
D2973	T3009
D1269	T1077
D0949	T1738
D1886	T1253
D0886	T0135
D2431	T2858
D0089	T2248
D1366	T0448
D1688	T1480
D2915	T2469
D0386	T2917
D2152	T1659
D1020	T0654
D1748	T1043
D2303	T1440
D1183	T1084
D0863	T2212
D0733	T2984
D0802	T2723
D2955	T1564
D2180	T0870
D0120	T3062
D0756	T1383
D2789	T0349
D1903	T3404
D0177	T0016
D2547	T3324
D2393	T2808
D1606	T3283
D1688	T2276
D1688	T0088
D1169	T2279
D1170	T0868
D2100	T3230
D1606	T2966
D1254	T3111
D2120	T0853
D2938	T0442
D2390	T2415
D1886	T1241
D1126	T2787
D1054	T0801
D0967	T1160
D3038	T3402
D2366	T0079
D1937	T0723
D1790	T1958
D1226	T1292
D1803	T1225
D0696	T2984
D2492	T2417
D2367	T2182
D2087	T1717
D2479	T0529
D1633	T0581
D1937	T0687
D2176	T0491
D2469	T1696
D0949	T0299
D0581	T0115
D1020	T2784
D0371	T0854
D1106	T3318
D0892	T2472
D1907	T1522
D0018	T0138
D0958	T0931
D1893	T2889
D2508	T0674
D2531	T0805
D1743	T1691
D1886	T1678
D2925	T1752
D2283	T2498
D0519	T1913
D1195	T2639
D0332	T0855
D0092	T0082
D1012	T1345
D0876	T2417
D2276	T3323
D1234	T0200
D0963	T2330
D1633	T2896
D1418	T0677
D0099	T0138
D0949	T2253
D2850	T2777
D2816	T1287
D1624	T1911
D0565	T0444
D1940	T1926
D2471	T1593
D1050	T1929
D1476	T1364
D2053	T0511
D0655	T1663
D0965	T1404
D0751	T1856
D1725	T0117
D1864	T0846
D0151	T0870
D1299	T0561
D2598	T1585
D1633	T3351
D0962	T1436
D2582	T2867
D1332	T2990
D2306	T3178
D0645	T0005
D1807	T1673
D0419	T2246
D2320	T1800
D0002	T2241
D2302	T2988
D2680	T2871
D1366	T2244
D0926	T2432
D0474	T1378
D2590	T0603
D2083	T1288
D1229	T1025
D2302	T2561
D0049	T0073
D1116	T1766
D0147	T2248
D1807	T0278
D1212	T3253
D1633	T3345
D2353	T2658
D0499	T1378
D0149	T3268
D2053	T1828
D1098	T1499
D0457	T3266
D1592	T1316
D2874	T0382
D1291	T3046
D0726	T1929
D0225	T0139
D1826	T2888
D2027	T0571
D0863	T1343
D1606	T2961
D1743	T2099
D1546	T0802
D0979	T0931
D1475	T1888
D0437	T3034
D0516	T0112
D2109	T2247
D0949	T2430
D2434	T1499
D1332	T2967
D2302	T2033
D1803	T2059
D2860	T2791
D1633	T2540
D2784	T3109
D2087	T0501
D0400	T1913
D1299	T1708
D0671	T3134
D1479	T1896
D1855	T1160
D0968	T2442
D1964	T0767
D1357	T1556
D2087	T0579
D1940	T0702
D0526	T0444
D2390	T2269
D1406	T1284
D2327	T0442
D2643	T1929
D2022	T0396
D2756	T2556
D0712	T0906
D2913	T0027
D1332	T0568
D0850	T0609
D2431	T0957
D0316	T1378
D1354	T0218
D0082	T1354
D1885	T0241
D3025	T3030
D1457	T0144
D2262	T0396
D2223	T2182
D0371	T0855
D1069	T0264
D2470	T1673
D0815	T0802
D2531	T2764
D0300	T0016
D1688	T1793
D1552	T2424
D1826	T1194
D1304	T2064
D1901	T1690
D0787	T2221
D2302	T2971
D2054	T0343
D1668	T1994
D1345	T1638
D2934	T0870
D1299	T1243
D1407	T0966
D2576	T2321
D1429	T3201
D1020	T2442
D2371	T2942
D2211	T3345
D2574	T0771
D1945	T2153
D1917	T2268
D0810	T0006
D1741	T2753
D1561	T1051
D1874	T3316
D2020	T0176
D1455	T2063
D0949	T1502
D0359	T0138
D1012	T3185
D2962	T0554
D2287	T0347
D0474	T0018
D0502	T0139
D0009	T2212
D2869	T2013
D1940	T1999
D2185	T2119
D1937	T0724
D1591	T0753
D0044	T1111
D1012	T1162
D1012	T2426
D2433	T2516
D1522	T0536
D1525	T0536
D2762	T0442
D0448	T0931
D1183	T3353
D2209	T2289
D1030	T1934
D2926	T0242
D1006	T2484
D1642	T2150
D1552	T2320
D2302	T2278
D1271	T3346
D2459	T2085
D1940	T2611
D2862	T1564
D1405	T1457
D0823	T0442
D1299	T1787
D2457	T0679
D1652	T1746
D1299	T1392
D1004	T1738
D0354	T0234
D1020	T1391
D0960	T2236
D1183	T3345
D0474	T0086
D2556	T3355
D0780	T1448
D1606	T0217
D2733	T2437
D0588	T0420
D1049	T0275
D0844	T3134
D3063	T0962
D2752	T0442
D0129	T2912
D1012	T1101
D2989	T3358
D1940	T2614
D0254	T0420
D1069	T0263
D2694	T1923
D2302	T0404
D2898	T0870
D1652	T1219
D1641	T0616
D2302	T0862
D0802	T1661
D1688	T1208
D1331	T2092
D0949	T1650
D1886	T1244
D0886	T0040
D1285	T0511
D0314	T3207
D1787	T0180
D1277	T1762
D0428	T0856
D1560	T0758
D0995	T3130
D0023	T2080
D1633	T0317
D1183	T1263
D1220	T0412
D1937	T2024
D2597	T1303
D2802	T3029
D1688	T1950
D0560	T0442
D0949	T2316
D0432	T3004
D1633	T2914
D2087	T3262
D1714	T0014
D0083	T0858
D1223	T1725
D1633	T3105
D0949	T3357
D1494	T0842
D1887	T2896
D1807	T0172
D1633	T2834
D2982	T1098
D1060	T1973
D1606	T2797
D2719	T0556
D2225	T0223
D1354	T1700
D0995	T0169
D1360	T0415
D1238	T0609
D2053	T1649
D1604	T0527
D1633	T2370
D1365	T0876
D0262	T0559
D2940	T1674
D0338	T3062
D1275	T1290
D2302	T0523
D2862	T1566
D0604	T1765
D0144	T3070
D0015	T3004
D0955	T0816
D0998	T2900
D3009	T2978
D3019	T0061
D2075	T2343
D0605	T0386
D1633	T2123
D1603	T2905
D1741	T2110
D1940	T0473
D0131	T0139
D1858	T1187
D0437	T3258
D0524	T0855
D0520	T0222
D1743	T1912
D2520	T3409
D2172	T1315
D2616	T2385
D0324	T3054
D0134	T0017
D1688	T2763
D1893	T3394
D2497	T1523
D1937	T0709
D2684	T3132
D0582	T0931
D1741	T2019
D1652	T1215
D1396	T2279
D1337	T0527
D1253	T2075
D1553	T3261
D1567	T3283
D1633	T2701
D3047	T2433
D2433	T2757
D2076	T2343
D1633	T2029
D2985	T0344
D0131	T0138
D0720	T0609
D1217	T0734
D1743	T2593
D2622	T0118
D0526	T3026
D0748	T2252
D2991	T3374
D1567	T1538
D1485	T0639
D1409	T1367
D1406	T1256
D1826	T2877
D0703	T1448
D0406	T0040
D1927	T1050
D0208	T1378
D1826	T0280
D1606	T3311
D1331	T1935
D1475	T1859
D3047	T2432
D1886	T1245
D0471	T1513
D1563	T2722
D1069	T0168
D2629	T1041
D2260	T0204
D0802	T0349
D1743	T0786
D1012	T3170
D2325	T0794
D2589	T3150
D1633	T2003
D3007	T1097
D1826	T1199
D1741	T0399
D1854	T3415
D1612	T0863
D1183	T2227
D1925	T1731
D1809	T1588
D2499	T2447
D2913	T1908
D0389	T0112
D1741	T1061
D1691	T1170
D1829	T0368
D1366	T1161
D0949	T0537
D2004	T0876
D1822	T2654
D0802	T2971
D1652	T2246
D0181	T0855
D0079	T0244
D0953	T1727
D2197	T1640
D0838	T3374
D1041	T0860
D2013	T1479
D1600	T1947
D1052	T1622
D1476	T1912
D1795	T2028
D0572	T0333
D0740	T1755
D2302	T0394
D2567	T2198
D2087	T3211
D0949	T2900
D1869	T1079
D2009	T1450
D1826	T2896
D1886	T1237
D1937	T1144
D1925	T2826
D2735	T0136
D2429	T2247
D1192	T0251
D0949	T0579
D1896	T1258
D0834	T0026
D2568	T1446
D1088	T0416
D2087	T2624
D0572	T1974
D0260	T3062
D1332	T3385
D1921	T0954
D1937	T0706
D0949	T3084
D1743	T1928
D1434	T0200
D0874	T1041
D2137	T1044
D1256	T1302
D0975	T2043
D1701	T0568
D1743	T1359
D1741	T1056
D0802	T3421
D1012	T2532
D1418	T0155
D0067	T2106
D1366	T2490
D0102	T3268
D0949	T0605
D0861	T1753
D1183	T0442
D1952	T1743
D2073	T2279
D1633	T1459
D2921	T3344
D2756	T0233
D1940	T1632
D2493	T1087
D1070	T1934
D0802	T3219
D0474	T0084
D3017	T2328
D2472	T0013
D1183	T2355
D2727	T1523
D1804	T0220
D2118	T1934
D1049	T0671
D2401	T2597
D1109	T3316
D1743	T2782
D1900	T0764
D1408	T0063
D1406	T0907
D0643	T2849
D1875	T3316
D2537	T2370
D1466	T1879
D2299	T3406
D1020	T1736
D2302	T2307
D1798	T2062
D1893	T2875
D2302	T1881
D1894	T2718
D0067	T3036
D1688	T1819
D2471	T2244
D0319	T3062
D1090	T0966
D0931	T0227
D1406	T1828
D1192	T2247
D3026	T0815
D1499	T0869
D1332	T2882
D2255	T1608
D1138	T2343
D2976	T2978
D0113	T0020
D0797	T3183
D1756	T0128
D2714	T1659
D1575	T3380
D2881	T0962
D2594	T3094
D1633	T1825
D0536	T0139
D0779	T0730
D2982	T0368
D1817	T1444
D2215	T0670
D1743	T2836
D0658	T0526
D0472	T0870
D0992	T0442
D1521	T0128
D1007	T1598
D2618	T1552
D0665	T0566
D3051	T0609
D1940	T0429
D2588	T1503
D1942	T0723
D2584	T0187
D1069	T0053
D1086	T0439
D1366	T0958
D2756	T0736
D1562	T0609
D1688	T2796
D2087	T1369
D1940	T1904
D1886	T1239
D1452	T1075
D1633	T0061
D2614	T2872
D1139	T1891
D0113	T0855
D2925	T1499
D1540	T0292
D2396	T0798
D2721	T1052
D0428	T1378
D1943	T1942
D2517	T0486
D2612	T0692
D1870	T0367
D1990	T0442
D1829	T1096
D1903	T2320
D1572	T2272
D2541	T3228
D1411	T2184
D0894	T1041
D0730	T2639
D1099	T0605
D2251	T2181
D2507	T1317
D2062	T1720
D0565	T0442
D1456	T0144
D3006	T2983
D1633	T2744
D1482	T1896
D2784	T2067
D2716	T0246
D1183	T1890
D2973	T1466
D1633	T1530
D1192	T2454
D0949	T3467
D0317	T1134
D3019	T2196
D0327	T2248
D2233	T2772
D1966	T0224
D1939	T1646
D1354	T1987
D1015	T0442
D0902	T0004
D2781	T3149
D0414	T3054
D3000	T0527
D1741	T1210
D0946	T2500
D0446	T0848
D2469	T3300
D2216	T0459
D1486	T1896
D1368	T0602
D2302	T2781
D0117	T0621
D1750	T1064
D2302	T1131
D3056	T0342
D1360	T0414
D1880	T1254
D0267	T0845
D1771	T0442
D0887	T3375
D2881	T1454
D2776	T0930
D1183	T2354
D0298	T2248
D0471	T1171
D1366	T2172
D1106	T0338
D1940	T0477
D2127	T0566
D0738	T3299
D0072	T1507
D1012	T3362
D0790	T2345
D1106	T3325
D0259	T0432
D0543	T1378
D2477	T0739
D2009	T2438
D2822	T3348
D0187	T3006
D2756	T2502
D1903	T2947
D1366	T1354
D1192	T0253
D1332	T0446
D1633	T2754
D1626	T1082
D1366	T0977
D0707	T1424
D2628	T2065
D1682	T3154
D2673	T1560
D1940	T1145
D2850	T2116
D0892	T3141
D2263	T0072
D1370	T0568
D2250	T0469
D2887	T1615
D1606	T0132
D1633	T3449
D2784	T3090
D1404	T1130
D1878	T0287
D0625	T2068
D1940	T1142
D2898	T1801
D2607	T2913
D2850	T1668
D1633	T3442
D0977	T0651
D2185	T1729
D0077	T1918
D2444	T0974
D1014	T3374
D0695	T0174
D2871	T1816
D2155	T1477
D1418	T3239
D2314	T2432
D1332	T0231
D1069	T0312
D1940	T3160
D2143	T1690
D1033	T2013
D0330	T3002
D0801	T2462
D1633	T3410
D1144	T0897
D0802	T3066
D0949	T3377
D2420	T1673
D1883	T1284
D1106	T3319
D0904	T0463
D1223	T2158
D2817	T0339
D0880	T2691
D0791	T0818
D1864	T1800
D2087	T1935
D3073	T0082
D2302	T0644
D2797	T1216
D2590	T0604
D0802	T2975
D1940	T1321
D1417	T2678
D1183	T1294
D0686	T0366
D2068	T0757
D0949	T1541
D1937	T0710
D2756	T2293
D0490	T3061
D2995	T2971
D0599	T1755
D0635	T1854
D1816	T3349
D1012	T2477
D2351	T0536
D1192	T1453
D2576	T1583
D2840	T1912
D1776	T2370
D2925	T1497
D2756	T0827
D1017	T3146
D0949	T1736
D1429	T1470
D1688	T2271
D1101	T0419
D0801	T2978
D1020	T3105
D1940	T2239
D2295	T1453
D2191	T1947
D2096	T1624
D1896	T2690
D1743	T1113
D1315	T0680
D2175	T3020
D0434	T1111
D0523	T1111
D0841	T3134
D2446	T1752
D3062	T2851
D0941	T2729
D1256	T0876
D2548	T0415
D2759	T1529
D1688	T0929
D2925	T1553
D0755	T3383
D2013	T3129
D1633	T2836
D2053	T1835
D0305	T1465
D2448	T0570
D2905	T1947
D0484	T3060
D2978	T0853
D1049	T0673
D0857	T3134
D0949	T1398
D1265	T0403
D3014	T1402
D1582	T1765
D1653	T0422
D0363	T3062
D1332	T1774
D1078	T2560
D2329	T3372
D0216	T1111
D0689	T0794
D1086	T0441
D1029	T1489
D1420	T1130
D1256	T2554
D2332	T0870
D2657	T1384
D0193	T2320
D0949	T0274
D2756	T2290
D0292	T2081
D0628	T3374
D1217	T3163
D0315	T0082
D1940	T0714
D2850	T0104
D1327	T0527
D0403	T0923
D1672	T0200
D1422	T0527
D2576	T1584
D1866	T0518
D1156	T3053
D0770	T0012
D1247	T3201
D2784	T2414
D1688	T2646
D1429	T3357
D0562	T1378
D1354	T1629
D0442	T2340
D2019	T0731
D1325	T2637
D2053	T0609
D1729	T1673
D0089	T2246
D2958	T3195
D0044	T1171
D1224	T2458
D0845	T2417
D1230	T2489
D1280	T0391
D1183	T2129
D2500	T0733
D1183	T1319
D1183	T1562
D0542	T1378
D0203	T2246
D1940	T2653
D2527	T0749
D2144	T1623
D1633	T0639
D1800	T1084
D0801	T1526
D0446	T0849
D2690	T2319
D2576	T1893
D2369	T0909
D1633	T1168
D0955	T2472
D0779	T2218
D2796	T2041
D0625	T0436
D1688	T0159
D1299	T0343
D2624	T1377
D2689	T3132
D1064	T1247
D2403	T0276
D1937	T1363
D1932	T0527
D1954	T0511
D0924	T0213
D1399	T1912
D2808	T1677
D1279	T0346
D0748	T3280
D0718	T0607
D2801	T1072
D1033	T1373
D2015	T1673
D2976	T2971
D1299	T1129
D1332	T2971
D1241	T2781
D1332	T2477
D0645	T0007
D2640	T3305
D1175	T1359
D0364	T0112
D1936	T0428
D2849	T1025
D2137	T1408
D1290	T1556
D1633	T0441
D1488	T2137
D1917	T3338
D2850	T3042
D0384	T0855
D1789	T3228
D0333	T3378
D3057	T1130
D2903	T1947
D1741	T2592
D1069	T0165
D1840	T1259
D2500	T1912
D0779	T0413
D1378	T3111
D1036	T3091
D1069	T0057
D2741	T2324
D0453	T0855
D2053	T0351
D0951	T1980
D1743	T3137
D2341	T2131
D2899	T0832
D3075	T1111
D2356	T2278
D1950	T1160
D1743	T0287
D1567	T0128
D2324	T1799
D2406	T1896
D2846	T1013
D1183	T2641
D2812	T1891
D2703	T2958
D1296	T1411
D2680	T1303
D1633	T1873
D0422	T3060
D1144	T0574
D2038	T1333
D1743	T2824
D2307	T0048
D1928	T0466
D1223	T1677
D2493	T1086
D3012	T3331
D1080	T0759
D1858	T1173
D0995	T3052
D2822	T0038
D0141	T0077
D0663	T1041
D1661	T2009
D1678	T1638
D0933	T1044
D2087	T1115
D0239	T2241
D2302	T0603
D3066	T3316
D2566	T1843
D2202	T3190
D2302	T2040
D2264	T3178
D1019	T2148
D2087	T3043
D1129	T0387
D0816	T3359
D1652	T2269
D0757	T3228
D2862	T1541
D0064	T0856
D1290	T1886
D0801	T2425
D1940	T1897
D1012	T2020
D1175	T1358
D1940	T0708
D1183	T2813
D0802	T0222
D2040	T3235
D1998	T1632
D1416	T1306
D0526	T1507
D0837	T3316
D1012	T2289
D0950	T1352
D0949	T3429
D1940	T0695
D1536	T1653
D2511	T1319
D1474	T0876
D1009	T0552
D2206	T2677
D2188	T2894
D1743	T0659
D2302	T1164
D1332	T1891
D1113	T3316
D2349	T3358
D0392	T1913
D1893	T0770
D2046	T3172
D2137	T1821
D2135	T0451
D2459	T0670
D1178	T2343
D2836	T1960
D0437	T3257
D0560	T0444
D0918	T1555
D1567	T3282
D0482	T0018
D0949	T2599
D0892	T1294
D0995	T3037
D0495	T2943
D1886	T1231
D0802	T2628
D0834	T1088
D0062	T1594
D2379	T1413
D2467	T2279
D1992	T1210
D0435	T3006
D1682	T1482
D2302	T0032
D1323	T0573
D1590	T2502
D1743	T2237
D1940	T2630
D0795	T0850
D1633	T2340
D1533	T1961
D0572	T1509
D0742	T2182
D2302	T1935
D1688	T0563
D1688	T1005
D1980	T3134
D0470	T3004
D2646	T1384
D2634	T2594
D2065	T2159
D3012	T3018
D1317	T2913
D1940	T2249
D2758	T1698
D1633	T0446
D1750	T1185
D1688	T0853
D1185	T2457
D0792	T3222
D0184	T2054
D2614	T0940
D1020	T1290
D1144	T2404
D1475	T2021
D1548	T2181
D1038	T1944
D0374	T0855
D0146	T0138
D2894	T1189
D1366	T1988
D2528	T1634
D2302	T1874
D1397	T2279
D0607	T3316
D0949	T1697
D0341	T0623
D2000	T0072
D1886	T1266
D0288	T0547
D1688	T2443
D1256	T0064
D1917	T2282
D2036	T2087
D1124	T1499
D2215	T0673
D0311	T2081
D1053	T0322
D0063	T3024
D1194	T3316
D2627	T1673
D1308	T1329
D2720	T0037
D2703	T2278
D1364	T0870
D1627	T2635
D2781	T3397
D2137	T0396
D0949	T3428
D2028	T1421
D1669	T0132
D1741	T2833
D0086	T2386
D1496	T0252
D2709	T1123
D2022	T0201
D1016	T2065
D1711	T2417
D1544	T2190
D2942	T0871
D3011	T2335
D2001	T0072
D1477	T2615
D2037	T1011
D1688	T2181
D1735	T1800
D0779	T0731
D1741	T0692
D2302	T0001
D1940	T2775
D0949	T2464
D1852	T2349
D2009	T2478
D0658	T0902
D1354	T1684
D0959	T0479
D1826	T3225
D1530	T3167
D1110	T0786
D2564	T1710
D0898	T2879
D1332	T1314
D0550	T2215
D0652	T1621
D2469	T3299
D2845	T1478
D1656	T3377
D0475	T3062
D2783	T0481
D1012	T2255
D0325	T2363
D1652	T3328
D0802	T0662
D2891	T2443
D0213	T0848
D0385	T1913
D2013	T2301
D1180	T0489
D2087	T3445
D2987	T1097
D2504	T0197
D1606	T1615
D1925	T1659
D0384	T0018
D2383	T1310
D1940	T0727
D2260	T1811
D1186	T1755
D2389	T2589
D1155	T1934
D2576	T2278
D0891	T0850
D2533	T3318
D2137	T1409
D0329	T0420
D0181	T3059
D0081	T3208
D1473	T2269
D2494	T2272
D1027	T1025
D0609	T3316
D2093	T2913
D1606	T2385
D0968	T0844
D1797	T0523
D0189	T0328
D0320	T0082
D1741	T2451
D0087	T0637
D1323	T0557
D0118	T3070
D2121	T2288
D0590	T0070
D2267	T1430
D0376	T3070
D2599	T1138
D0725	T1879
D2543	T1016
D2368	T2420
D1913	T1816
D2193	T2269
D2537	T2373
D0949	T1519
D0050	T3268
D1366	T0960
D1795	T1073
D2087	T2711
D2858	T0739
D2606	T1377
D2732	T1495
D1940	T3101
D1047	T2402
D2274	T1923
D1567	T0870
D1940	T1369
D0383	T0021
D0370	T3388
D1896	T1252
D1108	T1763
D0040	T0082
D0824	T0958
D2445	T2094
D0910	T1110
D1032	T0200
D0933	T1532
D1056	T0164
D1354	T1316
D1219	T3454
D0150	T0855
D2302	T0400
D2317	T1765
D2433	T2837
D1513	T2998
D1606	T2172
D1010	T3316
D1743	T1773
D2611	T3341
D2024	T1015
D1346	T0898
D2784	T1498
D0041	T0148
D2333	T2581
D2675	T0126
D0801	T2432
D0569	T1111
D1230	T1271
D0892	T3145
D2453	T2157
D1406	T0710
D1633	T2721
D1106	T3316
D0487	T0112
D0124	T3237
D0949	T1648
D0171	T3002
D1741	T1870
D0413	T0441
D1896	T3371
D1118	T1882
D0592	T1205
D0644	T3134
D2302	T0540
D2197	T3057
D1077	T1858
D2913	T2984
D2882	T0639
D2763	T3151
D2542	T0128
D0252	T0931
D1743	T2971
D1826	T1977
D0879	T0641
D0662	T0527
D1366	T2794
D2877	T3332
D2624	T1339
D0610	T3316
D1012	T2437
D3005	T2458
D1380	T0776
D0465	T2079
D1214	T1075
D1688	T0089
D2631	T2409
D2253	T0382
D0802	T1983
D1606	T1543
D1144	T1687
D2548	T2400
D0365	T0077
D2576	T0769
D1602	T0870
D1763	T0118
D0541	T1657
D2272	T0192
D0949	T1393
D0282	T0021
D1614	T1682
D0086	T0112
D1743	T2633
D1747	T0122
D0189	T1111
D2753	T3372
D1633	T1828
D2973	T2462
D0308	T1378
D0949	T1500
D1020	T1529
D1743	T0442
D2302	T0203
D2980	T0241
D1367	T1733
D1530	T1747
D1889	T3390
D2548	T2441
D1394	T1130
D1893	T2895
D0391	T3054
D1255	T3111
D0347	T0583
D2829	T0349
D0143	T2080
D1743	T3151
D0473	T0849
D0748	T2254
D1530	T1160
D0319	T3060
D2410	T1041
D2915	T3305
D0175	T0855
D2002	T1216
D1332	T1072
D1688	T2537
D1676	T3377
D0893	T3187
D1184	T2460
D2811	T0674
D0949	T3147
D2756	T3304
D1299	T0664
D1982	T0994
D0749	T2184
D0949	T0909
D2421	T0861
D0563	T2081
D1514	T1673
D0569	T1172
D1940	T2779
D0910	T3065
D2799	T1666
D2493	T1085
D1406	T2670
D0818	T0894
D1348	T3341
D1220	T0595
D2955	T1543
D0802	T2979
D2212	T3344
D2218	T2182
D2087	T2756
D0386	T1464
D1916	T2102
D1191	T2343
D2739	T1879
D1332	T2833
D1497	T0536
D2537	T0906
D0253	T2054
D1738	T3022
D1886	T2410
D1940	T0694
D0901	T1167
D1940	T1137
D1241	T1468
D1599	T1891
D1826	T1192
D2635	T2361
D0781	T0445
D1264	T2069
D1915	T1761
D2539	T1522
D0802	T2467
D1406	T0775
D1741	T0290
D2805	T1382
D2053	T1794
D2295	T1450
D0707	T2822
D0428	T0023
D2302	T3236
D2088	T2785
D2551	T3283
D2576	T0169
D0892	T0093
D1886	T1236
D1940	T1141
D0892	T2087
D1163	T1426
D0799	T2214
D0155	T0138
D1940	T0351
D0995	T0157
D1484	T0080
D0694	T3178
D0359	T0112
D0750	T3281
D2482	T1447
D2025	T2216
D0949	T1158
D1940	T0700
D1648	T0411
D1125	T0200
D0113	T0857
D1688	T0188
D1795	T1107
D1332	T2956
D0366	T0052
D1567	T1975
D1688	T0160
D2792	T3381
D1606	T2862
D1760	T0118
D2261	T2828
D3074	T2912
D1144	T0611
D1937	T0721
D1331	T1930
D0702	T0061
D2053	T0642
D1220	T2197
D1012	T2028
D2576	T0763
D2759	T2905
D1069	T0097
D1569	T1847
D1741	T0918
D1381	T2278
D1539	T2625
D1261	T0639
D2686	T3316
D2867	T3379
D2087	T0090
D0113	T0018
D2649	T1384
D0525	T0082
D1633	T2263
D0352	T2340
D2258	T2581
D2929	T2343
D3028	T0739
D0474	T0855
D2036	T3381
D0447	T1379
D2897	T3344
D1828	T1253
D2860	T0170
D0802	T3104
D2302	T2797
D2534	T2664
D1826	T3472
D1894	T2735
D2715	T0104
D2971	T1814
D0154	T0138
D2087	T1775
D0030	T2287
D1940	T0707
D3035	T2971
D1312	T2279
D2013	T0919
D2603	T2506
D0953	T2519
D2845	T2289
D1083	T1879
D2999	T1972
D1354	T1499
D0617	T0640
D2412	T1447
D2589	T2580
D1567	T1029
D1832	T1092
D1038	T1071
D1332	T0027
D1403	T3040
D2009	T1375
D2317	T1761
D1174	T2623
D1241	T3357
D0564	T0431
D0300	T0017
D3026	T2396
D0911	T3316
D1940	T2242
D1826	T2876
D2880	T1443
D2659	T1055
D1944	T3316
D2784	T3427
D2973	T1096
D2302	T2192
D1100	T0894
D1012	T2600
D1990	T1942
D1406	T1826
D2548	T2331
D2703	T2943
D1741	T0599
D2189	T2938
D0363	T3060
D1066	T1566
D2982	T2702
D1012	T0248
D2578	T2082
D0956	T3316
D1419	T1078
D2230	T1696
D1778	T1016
D1743	T1126
D2553	T1448
D1148	T1804
D0238	T1379
D2955	T1961
D1442	T3341
D1940	T1833
D0949	T2784
D0064	T3061
D1419	T2369
D1546	T0230
D1329	T2174
D2053	T1269
D2862	T1565
D2033	T0853
D2446	T0527
D2568	T2803
D2628	T1813
D0967	T1854
D0801	T2426
D2272	T3344
D0479	T1378
D1198	T3332
D2302	T1662
D0565	T3025
D0928	T0170
D1154	T2343
D0744	T1765
D1366	T2012
D1021	T2472
D1328	T1722
D1688	T0064
D0993	T0442
D1748	T1046
D2272	T0257
D2094	T2066
D1401	T1130
D1020	T2859
D2074	T3155
D0802	T2634
D2170	T1042
D1354	T2212
D1569	T1922
D2365	T3265
D2194	T2417
D2398	T0211
D2395	T2343
D1940	T0426
D0801	T2788
D2901	T1454
D0174	T3024
D2442	T1884
D0759	T1041
D2804	T0287
D2252	T2407
D2656	T1384
D1480	T2417
D2302	T1726
D1020	T2930
D2067	T0496
D3040	T0201
D0621	T2022
D1688	T1360
D3036	T1323
D2835	T1957
D0580	T1111
D1940	T2596
D0949	T2971
D1049	T1930
D2082	T0442
D1940	T1937
D1940	T2243
D2087	T2748
D2104	T3476
D2236	T0403
D1688	T3315
D2335	T0661
D0556	T1713
D0566	T2246
D1633	T2547
D1688	T2815
D1476	T3047
D0185	T0139
D1183	T0249
D2326	T3158
D2756	T0454
D0386	T2903
D1940	T0430
D1940	T0466
D0073	T3060
D2750	T1765
D2855	T1690
D2956	T1656
D2121	T0048
D2302	T2068
D1940	T0502
D1232	T1216
D1355	T0527
D1225	T3354
D0090	T3054
D1660	T0584
D1183	T1968
D0734	T2703
D1743	T2996
D1220	T2196
D1044	T0892
D2885	T2536
D2955	T2387
D2608	T1164
D2833	T0128
D1419	T0314
D2098	T0201
D1309	T2131
D2898	T1122
D2302	T1690
D2090	T3341
D2374	T1129
D2789	T1693
D2549	T1651
D1332	T2206
D1633	T2659
D0856	T3134
D2277	T2866
D2302	T2929
D1406	T2157
D1489	T2871
D1152	T0842
D2315	T3077
D0381	T3070
D1012	T1485
D1879	T1051
D1105	T2178
D0565	T1507
D1886	T0443
D0535	T0016
D1414	T2419
D0114	T2246
D0374	T0741
D1170	T3127
D2925	T0528
D1141	T2870
D0873	T1953
D0248	T1111
D1741	T1894
D0222	T2212
D1633	T0877
D0233	T0112
D2925	T1498
D1192	T2023
D2434	T0349
D3024	T3380
D1710	T2919
D1491	T2723
D0771	T2214
D1912	T1245
D1633	T1934
D0477	T1299
D2296	T2386
D1880	T1256
D2342	T0639
D0114	T2248
D1633	T3324
D2879	T0403
D1940	T1150
D2053	T1021
D0924	T0222
D2563	T2347
D0321	T0931
D0046	T3062
D1055	T1293
D2424	T2410
D0961	T2454
D0616	T3286
D2570	T2214
D0272	T0855
D2748	T0287
D1274	T0374
D2046	T2197
D0905	T0609
D2758	T3406
D1633	T0757
D2444	T0973
D0633	T2552
D1626	T0295
D0471	T1974
D1427	T0520
D1940	T3464
D1886	T1251
D0616	T0174
D1026	T3100
D0897	T2993
D0802	T2238
D2013	T2885
D1995	T2139
D1315	T2088
D1253	T2082
D2701	T1023
D1826	T2887
D0172	T2081
D2500	T1910
D1069	T0100
D2110	T0246
D1089	T1499
D2238	T0442
D1900	T1448
D0126	T2212
D0573	T3060
D0800	T2541
D0623	T1934
D1218	T1541
D1940	T1832
D0036	T1379
D0302	T1956
D2576	T0336
D1111	T0789
D2949	T1025
D2459	T0769
D1743	T1748
D0615	T2429
D0887	T2015
D1616	T2714
D0949	T0267
D0119	T0082
D2886	T0204
D1940	T0365
D2879	T3283
D0802	T2314
D0064	T3054
D1144	T2097
D0521	T3060
D1872	T0456
D1488	T0959
D1696	T0205
D1842	T1628
D1012	T1486
D1720	T2212
D2930	T0867
D2288	T2508
D2503	T0037
D0801	T2215
D1744	T2417
D1633	T1948
D2899	T3331
D1688	T1209
D1481	T3332
D1487	T0468
D0721	T2247
D0386	T2916
D2217	T0459
D2925	T0607
D2675	T0620
D0410	T3343
D1012	T3272
D2056	T2319
D0471	T1509
D1682	T2028
D0723	T1876
D2977	T0527
D1949	T2211
D0683	T1755
D1501	T1689
D1848	T0072
D0805	T0609
D1783	T1216
D1606	T1447
D1991	T3170
D0103	T3024
D0237	T3024
D1192	T3081
D2243	T0399
D1101	T3316
D2081	T2417
D2426	T1944
D2235	T0955
D0802	T3336
D0903	T0954
D1933	T0527
D0651	T1358
D0962	T1603
D2571	T2775
D1835	T0932
D1020	T1229
D2302	T3416
D2840	T0970
D1903	T3409
D2144	T0529
D2673	T1091
D1206	T2454
D0169	T1974
D1332	T0176
D1183	T2807
D1688	T3377
D1741	T2544
D2391	T0274
D0883	T1753
D0069	T3069
D2663	T0771
D0155	T0139
D1362	T0442
D2674	T0481
D0072	T0444
D2009	T1452
D0215	T1652
D0971	T1699
D1884	T1628
D1633	T1902
D1633	T3137
D1406	T0270
D1652	T1214
D2561	T0554
D1777	T1251
D2867	T3241
D1183	T3344
D0930	T0072
D0892	T3144
D2231	T3226
D2233	T2771
D3044	T0190
D0076	T0015
D1020	T3269
D1527	T2198
D1792	T1068
D0761	T3134
D0614	T3310
D0634	T2810
D1020	T0329
D1069	T0050
D2308	T2442
D1161	T0368
D1688	T2104
D1151	T2417
D0100	T0931
D2087	T1568
D0372	T1299
D1209	T1634
D0659	T0527
D1429	T0598
D1879	T1468
D1332	T3307
D0716	T2432
D2973	T3370
D2039	T2553
D2265	T1704
D0746	T0380
D2302	T1861
D0949	T1227
D2112	T3317
D1092	T1310
D2469	T2371
D1688	T0927
D2662	T2225
D1937	T0722
D1896	T1628
D1034	T0479
D0949	T3311
D1221	T1766
D1826	T0891
D2136	T0200
D0752	T0222
D0276	T3007
D1012	T0081
D1567	T0828
D2620	T0870
D2425	T0674
D1633	T3423
D2790	T2369
D1698	T1049
D2343	T1673
D2005	T1231
D2973	T0346
D2943	T3334
D1633	T2507
D0246	T0629
D2379	T2130
D1625	T0931
D1730	T0353
D0078	T0326
D2070	T2940
D1741	T1031
D1633	T0261
D3072	T0739
D2997	T2971
D0174	T1507
D1633	T3260
D1012	T2431
D1020	T0861
D2302	T3074
D1541	T2066
D2985	T2339
D0949	T1534
D1508	T0641
D2955	T1544
D2576	T0044
D3019	T1768
D1241	T1520
D2953	T2892
D2052	T3316
D1811	T1166
D2637	T2946
D1538	T1905
D0949	T0844
D1361	T1367
D2284	T1668
D1313	T0705
D0186	T2246
D1287	T1645
D1940	T1933
D2159	T0425
D1688	T1866
D2831	T0737
D0273	T0492
D1886	T2240
D1183	T2333
D0921	T1110
D1449	T0460
D0374	T1378
D0764	T1920
D0198	T0138
D2053	T2133
D0511	T2660
D1801	T0772
D2074	T2302
D1416	T0859
D1883	T0212
D0949	T1834
D0908	T1477
D1127	T2749
D1964	T3038
D2113	T1627
D2264	T0205
D3010	T2278
D2768	T3324
D1669	T0128
D0834	T1086
D1688	T0562
D1633	T2728
D1067	T0207
D1483	T0794
D1411	T2383
D1079	T0962
D1652	T0101
D3052	T1599
D1877	T1025
D1332	T2593
D0836	T2278
D0052	T2248
D0515	T1913
D1603	T2957
D1655	T2578
D0949	T2675
D1069	T0121
D2651	T1384
D1738	T1226
D1703	T3316
D1861	T0334
D1146	T3077
D1940	T1149
D1937	T0715
D1666	T3316
D2302	T2871
D1020	T2464
D2847	T0527
D1444	T0141
D1332	T2829
D3026	T3388
D2913	T0710
D0011	T0115
D2679	T2347
D2889	T2970
D1940	T0691
D2576	T3098
D1940	T0471
D2678	T2345
D1952	T1787
D2756	T1790
D1957	T1041
D2037	T0675
D1290	T1520
D1437	T2617
D0764	T0187
D0711	T2092
D2493	T1082
D0360	T2453
D1741	T1030
D2046	T0358
D1633	T3301
D0064	T3055
D1217	T2845
D1136	T2343
D1633	T1333
D1765	T1440
D2061	T1721
D1144	T3453
D1323	T2199
D1807	T1103
D0062	T0990
D1226	T2144
D0937	T0523
D1633	T0149
D1411	T2227
D1003	T3148
D2673	T1780
D0952	T0137
D1531	T1268
D0169	T1171
D1855	T1852
D1807	T0826
D1826	T2889
D1937	T0627
D1814	T0820
D1344	T0638
D2865	T0224
D0854	T3134
D2887	T1605
D2087	T2895
D1332	T1334
D1826	T1066
D2624	T2455
D2277	T2669
D1688	T1153
D2305	T3178
D2671	T2203
D2460	T2450
D1893	T0904
D1228	T1767
D1569	T1849
D0697	T0747
D0801	T2588
D0802	T0224
D0291	T0115
D2619	T0059
D1132	T3198
D1567	T0164
D2624	T3370
D1216	T1766
D1020	T0273
D2893	T1929
D1020	T0303
D1553	T0919
D0892	T3267
D0859	T3134
D2185	T0376
D0633	T0532
D3009	T3372
D0263	T0112
D1766	T1440
D1723	T3333
D3019	T0355
D2850	T1362
D2560	T1673
D0076	T0017
D2151	T2175
D1858	T1110
D0056	T1111
D2840	T0170
D2458	T0343
D0150	T0138
D1996	T1037
D2349	T3044
D2265	T0661
D2302	T1895
D1940	T0728
D1940	T2747
D1196	T0403
D0774	T1130
D1633	T1053
D1617	T2581
D2143	T1677
D0185	T0138
D1741	T2825
D1398	T0286
D1914	T1933
D0060	T1042
D1009	T0560
D2223	T1431
D1333	T1411
D0949	T3443
D2433	T1679
D2756	T0926
D0802	T1282
D2596	T1832
D0602	T0527
D2213	T1673
D0641	T0813
D2302	T2698
D3032	T3476
D2146	T2871
D1626	T1084
D1682	T1083
D3016	T3131
D0667	T3374
D0949	T3352
D1553	T3221
D2908	T2847
D2066	T1673
D2053	T1941
D1940	T1138
D1688	T1717
D0031	T0076
D2749	T2249
D1332	T2215
D3052	T3414
D0603	T0533
D1633	T0354
D0169	T0333
D2781	T0900
D1787	T2746
D2881	T2720
D1685	T0302
D2087	T1571
D2756	T2897
D2526	T0187
D1439	T0127
D0071	T0138
D2973	T3369
D0570	T0441
D2238	T0676
D1975	T0895
D3076	T2081
D2302	T3452
D2491	T2971
D2672	T2740
D1937	T2779
D1896	T1237
D1150	T1574
D1910	T2437
D2642	T3133
D1829	T0346
D2534	T3048
D2617	T3318
D1012	T2278
D1069	T0250
D1411	T2866
D2576	T2059
D2382	T2328
D0533	T0115
D2485	T0851
D1940	T0709
D0244	T0856
D2705	T1912
D1438	T0128
D0243	T0138
D2302	T1554
D0004	T0432
D1477	T2921
D1502	T0774
D2053	T3363
D1633	T2832
D1652	T0169
D1633	T0843
D0007	T0017
D2675	T0128
D1633	T1946
D1940	T1059
D2984	T0346
D0018	T0139
D2548	T2044
D1332	T3134
D0707	T1183
D1468	T1455
D1741	T2102
D2435	T2348
D1278	T0866
D1940	T2610
D0018	T0083
D0566	T2248
D0534	T0420
D0639	T2619
D0275	T0238
D1940	T0640
D1688	T2204
D0065	T0024
D2265	T1599
D0949	T1164
D1903	T2843
D2053	T1484
D2823	T1182
D1652	T2522
D1192	T3148
D1029	T1488
D2845	T2298
D1347	T0200
D1953	T3145
D2988	T3346
D3047	T1339
D3004	T1519
D1886	T1176
D1934	T1446
D0322	T0632
D1652	T0981
D2664	T1673
D1249	T2971
D1567	T1891
D1411	T0561
D1688	T0998
D2471	T1590
D1595	T0639
D2087	T1953
D2087	T0006
D2976	T2983
D3067	T0176
D2777	T1613
D1567	T0366
D0335	T0238
D1366	T2647
D1058	T0036
D0531	T3060
D1826	T1428
D2427	T2417
D1002	T0176
D0077	T1919
D2696	T3132
D2544	T0170
D1652	T2514
D0768	T2465
D1886	T1257
D1128	T3226
D1403	T3064
D2056	T2624
D2756	T3157
D0949	T2907
D1062	T1463
D1688	T1001
D1012	T2833
D0712	T3468
D1449	T0462
D2036	T1010
D1332	T2783
D0018	T1378
D2087	T2109
D1987	T0813
D0489	T1792
D0586	T2081
D0163	T2312
D2124	T0193
D1354	T0366
D0794	T1673
D1257	T0319
D1633	T2420
D1940	T2570
D2283	T1006
D1046	T2639
D2850	T2778
D0176	T1509
D2903	T1884
D2623	T0071
D0339	T0628
D2201	T1814
D2248	T0748
D0998	T0273
D0540	T0018
D1705	T0861
D1780	T0204
D0833	T0794
D2861	T3332
D0962	T2326
D2495	T2368
D0432	T3007
D1040	T2947
D2496	T0906
D0892	T2086
D0514	T3268
D2781	T3323
D1305	T0200
D0119	T0083
D0700	T1673
D2163	T1318
D2988	T3253
D0949	T1492
D1741	T1038
D1893	T2976
D1739	T1690
D1978	T3289
D1220	T2445
D1606	T0682
D1211	T1864
D1065	T1955
D2756	T0836
D1176	T1757
D2185	T0048
D2891	T2872
D1664	T3100
D1743	T3053
D2913	T0377
D0017	T0910
D2105	T1338
D1605	T2097
D2053	T0723
D2505	T0597
D1610	T0863
D1952	T0442
D1332	T2738
D2850	T3072
D0163	T2224
D1892	T2370
D0437	T3287
D1610	T0865
D1865	T1958
D0949	T2973
D1331	T0778
D1940	T2726
D0802	T1274
D0018	T0082
D0093	T3020
D0998	T3090
D0892	T3146
D0098	T2212
D0949	T1728
D0810	T0798
D1743	T2741
D1633	T3042
D1416	T3249
D1959	T0104
D1438	T0124
D0595	T2509
D1630	T1016
D1299	T3440
D1722	T2247
D0927	T3273
D2625	T0240
D2034	T2318
D0695	T0173
D1788	T1958
D0796	T1343
D2053	T2909
D2006	T0197
D1020	T0911
D1688	T3406
D2900	T1980
D2794	T2242
D1253	T2073
D2924	T2417
D1448	T2110
D0843	T3134
D2349	T0803
D1130	T1081
D1530	T1947
D0256	T0432
D2222	T0451
D0203	T2248
D1314	T2971
D2528	T0270
D2638	T0931
D0122	T2340
D0418	T2248
D1284	T0079
D0840	T2417
D1920	T2632
D1183	T0447
D0886	T0041
D2302	T2274
D2459	T0671
D0949	T1390
D1858	T1228
D2220	T0206
D2677	T1237
D1183	T2421
D1594	T2096
D1104	T3316
D0866	T2159
D1945	T2895
D1472	T0225
D2515	T0141
D2784	T1499
D2873	T1518
D1476	T0957
D1103	T3316
D1111	T0786
D2685	T3132
D0996	T1016
D3047	T2458
D2970	T3239
D2789	T1703
D0019	T2953
D2992	T3374
D1940	T0713
D0393	T0421
D2053	T3215
D0887	T1555
D0361	T0833
D0890	T2973
D1020	T3311
D2433	T2417
D2792	T0241
D3046	T1289
D1850	T1881
D1000	T0554
D0581	T0112
D1192	T2145
D1886	T1669
D0677	T0609
D1746	T0279
D1058	T0312
D2459	T2092
D2302	T0511
D2349	T1386
D1688	T1059
D2577	T0208
D0304	T0070
D1605	T0619
D0950	T1155
D0621	T2603
D1366	T2195
D0815	T3079
D0318	T2963
D1020	T1971
D1207	T2247
D1777	T3286
D1896	T1257
D1294	T1469
D1751	T1688
D0949	T1839
D1713	T0442
D1069	T0080
D0519	T2521
D2784	T2096
D2700	T0556
D1192	T0350
D1606	T2751
D1968	T3212
D2107	T0635
D0868	T3451
D0476	T0244
D2982	T3350
D0164	T2452
D0512	T1187
D0955	T1386
D1947	T0614
D3029	T0739
D0676	T2575
D1880	T1251
D3057	T3119
D3002	T1830
D1845	T2279
D1957	T1373
D2562	T2296
D1208	T2384
D0949	T2906
D2073	T0517
D1882	T1284
D2982	T0943
D3071	T2369
D2913	T2266
D0709	T2441
D1299	T2417
D2087	T1947
D1688	T2114
D2688	T0230
D1680	T2055
D0359	T0139
D2373	T0424
D2053	T2736
D1940	T0705
D1894	T1237
D0949	T2944
D1593	T0378
D2513	T3316
D0949	T1354
D0829	T2098
D1626	T1522
D1299	T1352
D1683	T1853
D1241	T0598
D1740	T0892
D0934	T1044
D1382	T1760
D1574	T0353
D1688	T1447
D1410	T0746
D2604	T2144
D2743	T1759
D0220	T1996
D0614	T3309
D2459	T0673
D0228	T2186
D0200	T2660
D2436	T1054
D1850	T0210
D0886	T0098
D2302	T1367
D3033	T3476
D2185	T1723
D0591	T0453
D0949	T0830
D2982	T1097
D0497	T2212
D0326	T0559
D2548	T0751
D0747	T2065
D2865	T0574
D1940	T1934
D2282	T2498
D1354	T2208
D1826	T0271
D2260	T1735
D1620	T3324
D0745	T2343
D2360	T1945
D2302	T0449
D0180	T0148
D2545	T0639
D2551	T0150
D2388	T0060
D1162	T1929
D0801	T1340
D2973	T3018
D1318	T0972
D2841	T2534
D2960	T2737
D0398	T2241
D2433	T1521
D0355	T1884
D1914	T1929
D1741	T2321
D2784	T1037
D2342	T0629
D0949	T2042
D1606	T0171
D0065	T1675
D0473	T0848
D1940	T2548
D0852	T3316
D3018	T0991
D1792	T1066
D3045	T1289
D2302	T2461
D1183	T3023
D0165	T0070
D1372	T2247
D1518	T2991
D2955	T2969
D2514	T3332
D2416	T1934
D2053	T0590
D1183	T1132
D0462	T1378
D0068	T0838
D3043	T0491
D2227	T0382
D1323	T0070
D1688	T0975
D1633	T0640
D2944	T2961
D1886	T1240
D0538	T1111
D0915	T0276
D2824	T1765
D0890	T2971
D2361	T2383
D0428	T0857
D2128	T0104
D0024	T1465
D2576	T0502
D0214	T2155
D2349	T2699
D0545	T0931
D2302	T3053
D1990	T1368
D2433	T1787
D1597	T1467
D1887	T3225
D2636	T2295
D1081	T3373
D0212	T3060
D0931	T1881
D1688	T0061
D0776	T1653
D0949	T0104
D1050	T1933
D1020	T3270
D1638	T2308
D0515	T3054
D2985	T0368
D2174	T1815
D2850	T2862
D0807	T1673
D2122	T1216
D2875	T2417
D0949	T1395
D1531	T1503
D2038	T1508
D0949	T2185
D1018	T3316
D1633	T0090
D2328	T1882
D1389	T1449
D0773	T1673
D0945	T0010
D1181	T1418
D1554	T1906
D2311	T3077
D1889	T1709
D0822	T2211
D2845	T1585
D2738	T2682
D2958	T2288
D0072	T0441
D1707	T0201
D3053	T2058
D2521	T3143
D1914	T0276
D1688	T1002
D1743	T0729
D1490	T1634
D1940	T1929
D2588	T0285
D1748	T1048
D0949	T1373
D0943	T0256
D1556	T3302
D0196	T2660
D1757	T0612
D0014	T3021
D0303	T0016
D0910	T1117
D1940	T1298
D1673	T2919
D1633	T2759
D1633	T2705
D1112	T2417
D1192	T0947
D1042	T1445
D1447	T3238
D3021	T3232
D2376	T2155
D1826	T2881
D1332	T2194
D0106	T0441
D1743	T2834
D0528	T0138
D2087	T2665
D2339	T2302
D1633	T2214
D1519	T3332
D1688	T3314
D1826	T2793
D0111	T1299
D1741	T1939
D1940	T0627
D0966	T0222
D2742	T3316
D2271	T1440
D1940	T0475
D1603	T2906
D2650	T1384
D1013	T1216
D1741	T2076
D2614	T0810
D1940	T0626
D1319	T2279
D1366	T0037
D1386	T1017
D2137	T0186
D1886	T1262
D0613	T3316
D0162	T3343
D2433	T2168
D1940	T0480
D0421	T0854
D1220	T0406
D1652	T1136
D2302	T0649
D0782	T1316
D2973	T3346
D1379	T1634
D0328	T1052
D0529	T2081
D1633	T0270
D0802	T2621
D1940	T0363
D2348	T0072
D1038	T1077
D1299	T2866
D3065	T0511
D1419	T3116
D2834	T2853
D1952	T1648
D0596	T1025
D2548	T2676
D2578	T0065
D2068	T0496
D0018	T3060
D0409	T0082
D2460	T2451
D1796	T0297
D0916	T3316
D1164	T2242
D1199	T1541
D2708	T2960
D2337	T2299
D1743	T0472
D3019	T0358
D2710	T2551
D1183	T1295
D2838	T1957
D0026	T0441
D0523	T1913
D0519	T0077
D0505	T0018
D2825	T3050
D2918	T0161
D1633	T1415
D0490	T3060
D2576	T1091
D1226	T0559
D2647	T1384
D2712	T2444
D1937	T2795
D1635	T0559
D0495	T0399
D0084	T1354
D2106	T3134
D1419	T1863
D1688	T2353
D1358	T2135
D0284	T1378
D1276	T1387
D2703	T2833
D2302	T3318
D1618	T2223
D2590	T0602
D0233	T0138
D2280	T0245
D1990	T1940
D0972	T3341
D0965	T0225
D3017	T2329
D2630	T1551
D2087	T3100
D0970	T2343
D2535	T2082
D2045	T1130
D1455	T0144
D1931	T0967
D1183	T3332
D0530	T2081
D3012	T2674
D2719	T2606
D1749	T0866
D2851	T1473
D1183	T3117
D3059	T3194
D2756	T3444
D1651	T0411
D2158	T0349
D0449	T3070
D1419	T2025
D1332	T2537
D0933	T2856
D1372	T0725
D0394	T3208
D2289	T1325
D2559	T3198
D0783	T0938
D1192	T0211
D0949	T1536
D1741	T1962
D0568	T0082
D0351	T1465
D1220	T1707
D0111	T3070
D1940	T0693
D1270	T0200
D0349	T1465
D1366	T2475
D2053	T2884
D2463	T2192
D2744	T0527
D0750	T3283
D1299	T3238
D1038	T2926
D1955	T2594
D1091	T2529
D1256	T2732
D0549	T3343
D2222	T0698
D2725	T1719
D1758	T0118
D2792	T1010
D0183	T3062
D2060	T2424
D0226	T2515
D0572	T1111
D0148	T1111
D2249	T2798
D1332	T1750
D2087	T0556
D1031	T3322
D3011	T3456
D1352	T1896
D0949	T2689
D0012	T1913
D2340	T0484
D0949	T1540
D1251	T2183
D2787	T1812
D0432	T3006
D1868	T0072
D2982	T1161
D0744	T1761
D2385	T0813
D2291	T0442
D1826	T2936
D2302	T0993
D2009	T3067
D1012	T2213
D2137	T2449
D2756	T2182
D2825	T3110
D1416	T2865
D1940	T0699
D0107	T0121
D1020	T1533
D0727	T2184
D0150	T0018
D1272	T1256
D1743	T0027
D0547	T3006
D1716	T2417
D2439	T3332
D0522	T0632
D1633	T1847
D0088	T1290
D1688	T2098
D0986	T0382
D0234	T0238
D1123	T1958
D0707	T0463
D2302	T0668
D1741	T1053
D2669	T1570
D1858	T1172
D0669	T0128
D0786	T3341
D1531	T1180
D2792	T0675
D2349	T1696
D2533	T3316
D1520	T0479
D1347	T0746
D0095	T2583
D1940	T1057
D1366	T0752
D1406	T1500
D0704	T0609
D0539	T2453
D1416	T3252
D3027	T1633
D1614	T0760
D1331	T2524
D0044	T0078
D0348	T3407
D2756	T0028
D2239	T0527
D1184	T2458
D1587	T1951
D0231	T0083
D0396	T3060
D2260	T1796
D1584	T0378
D2537	T1523
D0323	T3062
D2053	T1426
D1876	T0241
D1093	T0565
D2912	T3346
D1038	T0883
D1846	T2279
D2171	T0141
D1940	T1021
D1610	T2338
D0433	T2079
D1759	T0894
D1606	T0357
D0311	T2079
D2756	T0494
D1361	T1366
D2378	T0661
D1940	T0692
D2931	T0867
D2316	T2343
D0860	T2417
D0127	T2081
D1115	T1784
D0949	T1547
D2379	T1693
D2028	T1424
D2603	T0004
D0680	T2361
D2756	T2291
D0674	T3134
D2946	T2050
D0957	T0316
D1175	T1832
D1354	T0729
D1791	T3280
D2576	T0157
D1587	T1949
D2973	T1133
D2160	T0349
D1524	T0534
D1940	T1930
D1940	T1935
D1188	T0491
D1494	T2957
D2368	T0853
D2912	T3344
D2272	T2553
D2885	T2152
D0425	T0082
D0425	T0083
D2092	T2913
D2430	T2417
D1007	T0616
D2469	T1559
D1183	T3352
D0878	T1958
D0189	T1214
D1633	T2841
D2292	T1839
D2375	T0369
D1462	T3345
D0572	T1214
D0042	T2186
D0940	T2734
D2050	T1934
D1020	T0747
D2727	T1840
D2985	T1096
D2767	T3242
D1315	T0948
D2794	T2482
D1038	T1978
D1633	T1178
D2323	T1993
D0835	T0221
D1940	T2799
D1017	T0562
D1332	T0374
D0715	T3374
D1863	T0071
D0362	T0082
D1418	T0646
D2087	T3352
D2302	T1160
D1419	T2179
D0036	T1378
D2569	T1283
D2046	T0066
D0323	T3060
D2693	T2308
D1603	T1961
D1826	T1067
D1366	T0992
D1633	T2459
D2137	T0395
D0429	T0139
D3048	T2344
D1691	T3154
D0460	T2660
D2153	T1739
D0881	T1339
D1893	T0269
D1721	T1027
D1559	T0368
D2461	T1724
D2604	T2747
D0949	T0768
D2510	T2395
D1750	T1123
D0801	T0610
D1429	T2925
D1223	T3010
D1897	T1237
D2576	T1503
D2053	T2095
D1299	T0930
D2556	T2271
D2821	T1765
D1633	T0012
D0371	T0019
D0714	T3134
D1826	T2911
D1974	T2569
D1012	T1847
D0221	T3004
D2576	T2312
D1192	T1169
D1886	T1250
D0695	T0175
D2057	T3053
D1366	T1909
D0223	T2081
D0802	T1287
D1188	T2082
D0342	T0112
D2599	T1060
D1517	T0095
D1826	T3137
D2415	T0237
D1826	T0882
D0969	T1933
D1507	T3044
D2951	T2370
D2308	T1726
D0933	T0327
D0886	T0042
D0678	T1816
D2185	T3130
D0402	T3070
D1886	T2411
D1270	T0390
D1403	T1516
D2680	T1595
D2632	T2091
D1940	T2620
D0243	T0139
D2756	T2817
D2707	T1884
D0123	T2248
D0169	T0328
D1494	T1961
D0183	T3060
D1354	T1683
D2624	T2478
D2697	T0739
D2850	T2598
D0408	T0238
D1568	T1445
D3050	T3416
D2468	T3372
D2581	T1654
D1586	T0300
D1633	T1179
D2589	T3008
D1940	T0701
D1632	T0215
D2203	T0399
D0567	T1111
D1964	T1400
D2168	T0104
D0575	T0138
D0036	T0115
D1038	T3467
D0169	T1111
D2103	T0658
D2576	T0655
D1217	T0952
D1743	T2838
D0113	T0854
D0029	T0113
D2161	T0425
D2899	T1540
D1573	T1520
D0492	T2054
D1465	T1879
D0748	T3283
D2925	T1754
D0949	T3203
D2604	T0590
D2704	T0609
D2973	T2456
D2209	T2299
D1384	T2279
D1988	T2380
D1183	T0407
D1633	T1997
D0303	T0017
D2579	T0527
D2985	T2643
D2384	T1924
D1633	T2786
D0108	T0148
D2529	T3200
D1633	T2716
D2569	T1117
D1667	T0239
D1825	T1383
D0606	T1354
D1741	T0819
D0801	T1528
D1686	T0301
D0858	T1372
D1183	T2713
D0802	T0153
D2850	T0200
D2673	T1781
D0647	T2061
D0802	T0352
D2493	T2673
D1332	T1715
D0091	T0075
D0968	T2300
D2118	T1937
D1675	T0133
D2917	T1611
D2118	T1930
D2872	T0382
D1743	T2679
D1393	T2279
D2320	T1809
D1323	T0548
D0733	T2462
D0811	T3341
D2379	T0661
D1424	T3316
D1476	T0959
D2304	T0348
D2548	T0909
D1071	T2971
D2455	T2228
D1366	T0568
D1501	T1690
D1140	T0973
D1332	T1942
D0013	T0621
D1332	T0182
D2185	T2279
D2756	T2324
D2272	T2501
D2955	T0832
D0933	T2668
D2688	T2386
D2370	T0927
D2560	T2288
D2673	T1776
D0095	T3115
D1547	T2485
D2548	T0392
D1418	T2369
D2302	T0588
D1940	T1147
D2452	T2417
D1688	T1054
D1272	T1951
D2614	T2620
D0917	T0526
D0176	T0333
D2822	T2351
D0012	T1581
D2948	T1310
D2792	T2087
D0801	T0846
D2242	T1765
D0949	T1228
D2272	T3471
D2285	T1668
D1241	T1473
D1576	T0218
D0468	T2453
D1741	T1295
D1986	T1349
D2494	T2271
D1366	T0099
D0109	T0112
D0279	T1354
D1477	T2864
D1940	T1143
D0072	T0442
D0087	T0636
D1120	T1757
D0504	T0583
D0070	T3268
D1743	T2590
D1478	T1110
D1546	T3100
D0199	T0623
D2512	T1130
D2747	T0276
D0653	T2182
D1633	T1137
D1826	T0272
D3078	T3024
D1250	T2989
D2500	T0640
D1310	T0388
D2318	T3178
D1423	T0527
D2443	T2355
D1253	T3132
D1893	T2328
D1526	T1455
D1402	T2939
D1143	T1493
D3022	T1092
D2756	T0564
D2870	T3206
D0949	T1170
D1853	T3053
D2302	T0648
D0682	T0486
D2399	T1103
D0170	T0018
D0320	T0084
D2059	T2819
D2444	T0968
D0380	T3268
D0995	T1893
D2053	T0094
D1969	T0028
D0496	T2386
D1826	T2895
D1145	T2247
D0466	T0621
D2338	T0486
D1441	T0200
D2444	T1837
D2039	T1277
D2568	T2529
D1033	T1847
D2767	T0134
D1829	T1094
D1356	T2629
D1166	T2289
D1192	T1639
D2302	T2670
D2604	T2403
D1633	T1901
D2741	T1451
D1193	T2193
D2363	T2449
D1826	T3083
D1864	T2320
D1262	T0639
D0949	T0597
D1618	T0866
D2355	T0391
D0886	T0097
D0842	T3134
D2775	T1541
D2576	T3130
D2747	T0277
D1373	T0806
D0374	T0018
D2055	T2319
D1741	T1929
D2053	T3457
D1688	T0822
D2588	T0744
D2985	T0345
D0654	T1021
D0751	T3280
D1323	T0559
D0097	T2081
D1940	T0624
D2131	T0104
D1496	T0832
D1633	T1839
D1998	T1653
D2269	T2182
D2723	T0246
D2099	T1467
D0374	T1380
D2982	T1817
D2459	T2060
D1917	T1933
D1743	T0395
D1495	T0798
D1627	T0455
D2302	T2874
D2756	T1103
D0046	T3061
D0214	T2248
D1038	T1945
D0176	T1974
D1826	T0518
D1183	T0869
D1331	T1927
D1748	T1742
D2588	T1349
D2751	T1694
D1056	T0641
D0949	T0601
D1048	T0349
D2464	T2417
D2845	T1697
D1455	T2064
D1366	T2750
D2673	T1778
D0817	T1130
D1406	T1351
D2817	T3053
D1020	T2008
D2576	T0355
D1012	T0407
D0998	T1198
D2302	T0181
D1688	T0824
D0701	T1460
D1012	T0835
D1332	T0567
D2879	T0204
D0975	T0054
D0802	T2603
D0113	T0082
D1633	T2652
D1726	T0164
D0373	T3268
D1299	T1256
D2059	T2435
D1491	T0766
D1365	T0063
D1009	T0553
D2121	T2144
D1108	T1766
D1594	T1920
D0080	T1907
D1743	T3460
D2144	T2176
D1881	T2911
D2548	T0072
D1292	T1463
D1366	T0602
D2974	T2683
D1220	T1706
D0802	T3425
D0073	T3061
D2784	T2218
D1084	T2919
D0601	T1791
D2172	T1316
D2250	T0609
D2865	T2391
D1411	T0576
D1501	T1677
D0190	T0433
D0007	T0016
D0526	T0442
D0699	T0005
D0258	T0077
D1987	T1529
D1939	T0678
D2718	T1016
D1523	T1233
D0250	T0855
D2164	T0222
D1741	T2466
D1183	T1069
D1822	T2656
D1156	T0339
D1708	T1330
D2600	T1843
D1743	T2401
D0247	T1378
D2923	T0442
D1893	T1774
D0453	T0018
D0482	T0855
D0693	T0366
D1741	T1033
D1652	T1582
D0847	T2212
D1279	T1670
D0949	T2833
D1571	T0319
D2576	T0539
D0193	T2340
D1688	T0654
D2244	T3382
D0214	T2157
D2913	T0756
D1807	T0677
D0515	T0021
D2971	T1813
D1179	T2499
D1794	T0270
D1335	T0527
D2176	T1972
D2011	T0486
D1045	T3226
D1402	T2959
D0275	T1118
D1020	T2830
D2346	T0527
D0825	T3374
D2996	T1820
D1271	T3347
D2277	T3008
D0895	T1373
D1940	T2681
D0949	T3393
D2365	T1008
D1118	T2046
D0949	T0819
D1035	T1822
D0784	T0935
D2672	T3198
D1418	T0387
D1299	T0366
D1972	T2319
D1688	T2496
D2853	T0029
D2963	T0197
D3026	T2392
D1449	T1744
D2433	T0791
D0802	T0147
D2818	T0535
D0989	T0442
D1652	T1221
D2878	T0658
D1797	T1475
D3055	T1447
D3052	T1413
D0790	T2343
D0965	T1016
D2460	T2455
D2839	T0442
D1802	T1541
D0508	T0420
D2245	T0001
D0884	T2424
D1530	T2034
D2756	T0232
D0471	T0328
D1940	T1300
D1753	T1854
D0899	T2345
D1192	T1933
D1818	T1016
D0933	T1456
D0463	T0931
D0949	T1900
D0301	T0583
D0828	T3134
D1418	T2117
D2290	T2170
D0603	T0532
D0386	T0166
D1665	T3316
D1633	T2725
D0912	T0214
D0169	T1509
D0310	T1378
D0152	T0082
D2758	T2534
D1183	T3218
D1693	T0442
D1828	T1231
D1094	T2529
D2665	T3222
D0054	T0082
D2974	T2143
D2778	T0276
D1001	T3383
D2394	T0934
D2039	T0370
D0532	T2212
D2422	T1832
D0949	T1533
D1106	T3321
D1787	T2028
D1569	T1926
D0422	T3062
D1929	T0697
D0933	T1820
D2013	T0730
D0558	T1378
D1886	T1255
D0802	T0507
D2165	T0366
D2756	T0533
D0949	T1095
D2438	T1016
D2450	T0476
D0066	T2210
D1633	T0761
D2460	T2449
D0731	T2320
D0399	T0848
D1770	T1578
D2593	T2141
D1886	T1177
D1338	T0527
D1857	T1702
D2761	T1756
D1633	T0104
D1331	T0586
D1461	T2072
D2324	T1805
D1403	T1514
D0113	T0084
D1826	T1193
D2913	T0566
D1871	T1016
D1633	T1097
D1183	T1082
D1332	T2746
D2935	T0087
D2583	T3328
D1519	T0928
D1633	T2838
D1743	T1527
D0707	T3088
D1354	T3345
D1633	T2871
D0058	T2080
D0781	T1832
D2459	T2059
D2166	T0924
D2701	T1026
D0035	T0228
D2349	T1864
D0378	T0442
D0801	T0826
D0095	T1807
D1633	T1291
D1688	T1928
D2576	T1505
D1775	T0391
D2302	T2965
D1826	T1198
D0077	T1914
D2023	T2985
D2116	T0881
D1020	T0947
D2571	T2731
D1940	T1363
D2653	T2971
D0949	T2543
D2497	T1522
D0655	T1664
D1770	T2621
D2476	T1277
D1688	T0245
D1482	T0804
D1069	T0051
D0892	T2971
D0949	T1461
D2459	T0277
D2784	T0736
D0501	T0855
D1429	T0503
D1020	T0753
D0928	T2247
D0922	T1958
D2755	T0072
D1588	T1755
D1256	T0009
D2857	T1222
D2854	T0325
D1688	T0999
D1786	T3406
D1217	T0735
D1945	T1673
D1569	T1921
D2845	T1233
D2090	T0048
D1509	T1426
D0039	T0389
D1358	T1496
D1366	T1829
D0416	T0246
D1244	T2232
D1649	T1832
D1605	T0618
D1940	T1942
D1547	T2483
D0443	T0492
D2423	T3473
D2137	T1407
D1332	T0879
D2017	T1933
D1451	T2354
D1183	T0375
D0026	T0444
D2982	T1743
D0626	T2328
D0428	T0112
D1183	T0745
D2926	T0198
D2643	T1934
D2125	T3194
D1750	T2715
D2079	T2417
D0124	T3405
D1826	T2875
D2087	T1272
D2756	T1809
D2581	T0933
D2302	T2000
D1406	T2410
D0965	T2406
D1633	T3422
D1580	T0651
D1652	T1224
D0341	T3382
D1808	T0897
D1926	T2437
D1354	T2289
D1501	T3414
D1652	T1223
D2433	T0792
D1671	T1832
D0802	T2573
D2860	T3333
D2368	T1080
D1886	T1175
D2756	T3093
D1964	T3171
D1894	T1242
D2548	T2117
D1049	T0321
D0949	T0273
D1475	T1857
D2843	T3332
D0085	T3246
D2594	T0740
D1541	T2065
D0726	T1933
D1633	T0380
D1332	T0388
D1323	T0558
D1682	T0947
D2282	T2948
D0935	T1463
D1322	T1874
D2667	T0048
D2064	T0486
D0631	T3238
D0367	T2660
D1108	T1760
D1366	T3095
D0076	T0022
D1633	T2428
D2154	T0485
D0158	T2513
D2815	T1668
D2372	T1654
D1560	T0186
D0540	T0115
D1475	T1323
D1633	T2663
D0161	T0119
D2302	T2126
D2510	T2004
D1727	T2722
D0342	T0855
D0515	T3061
D0441	T1767
D2717	T0095
D2185	T0769
D0509	T2660
D1935	T1832
D1858	T1174
D1192	T0878
D1530	T1220
D1430	T0942
D1896	T1248
D2660	T2148
D1426	T3216
D1012	T1373
D0173	T2340
D1741	T1990
D0909	T2792
D3052	T3467
D0121	T0847
D2896	T1188
D1106	T3320
D0708	T0656
D0587	T1378
D1606	T2695
D1165	T2159
D1432	T2064
D0411	T2453
D1779	T0490
D1020	T0917
D3066	T3319
D0464	T0139
D0949	T1545
D0371	T0083
D2928	T2486
D2208	T2318
D2409	T0752
D0097	T2080
D1893	T2934
D1730	T1567
D0977	T1889
D1633	T0527
D3034	T1761
D1612	T0865
D1354	T1423
D0890	T0879
D1996	T0996
D0097	T2079
D2185	T2847
D1903	T1040
D2787	T0926
D1358	T1495
D3013	T3372
D0753	T0613
D2498	T2178
D1188	T0258
D1376	T0873
D1743	T0418
D1674	T0442
D2087	T2154
D2404	T1831
D1741	T2869
D0826	T1233
D3009	T3009
D1652	T1917
D1354	T2132
D2631	T2160
D0105	T3070
D0949	T2648
D1741	T2454
D2617	T3316
D2198	T3047
D1633	T2860
D0632	T3316
D0910	T2340
D1106	T1007
D1012	T3165
D1606	T3344
D2537	T2508
D2440	T0931
D2581	T1155
D1069	T0105
D1633	T2136
D1741	T1891
D0071	T0112
D1940	T1058
D1991	T2243
D1476	T1016
D0678	T2632
D0503	T0854
D1504	T2942
D1012	T2687
D2556	T2272
D0600	T2342
D1607	T0353
D2087	T3323
D0311	T2080
D1930	T0810
D0034	T1542
D2756	T2292
D1038	T0137
D2275	T3396
D0748	T2315
D1940	T0427
D1940	T1144
D1742	T0196
D2278	T0958
D2102	T1813
D1516	T0033
D1960	T0511
D2523	T2294
D3030	T0739
D0380	T1290
D2053	T3423
D2199	T3153
D1688	T1794
D2988	T3344
D0985	T1504
D2189	T2960
D0231	T0084
D1741	T2809
D2215	T3175
D3025	T3334
D2460	T2452
D2462	T1119
D2934	T0873
D2321	T1799
D3011	T0276
D1633	T1029
D2298	T0932
D3047	T1453
D1826	T2436
D1862	T1016
D1796	T0946
D0832	T2159
D1020	T1433
D1736	T1805
D1183	T2437
D0729	T1673
D2574	T1186
D0115	T3062
D1879	T1473
D1596	T1025
D0014	T2894
D0949	T1879
D2484	T0609
D0706	T0780
D0494	T0931
D1012	T1267
D0502	T0115
D1069	T0135
D1530	T2123
D2349	T1588
D1824	T0554
D1354	T3344
D1806	T1588
D0789	T2894
D0469	T0112
D2860	T3228
D1290	T2924
D1633	T2602
D1633	T0607
D2907	T0957
D2302	T2379
D1307	T3217
D0061	T0332
D0065	T0135
D2688	T0229
D1332	T3011
D0205	T1644
D2985	T3128
D1940	T1297
D1517	T2870
D2548	T2244
D1057	T3127
D1315	T0681
D0207	T0138
D0949	T2856
D1940	T2237
D1553	T1535
D1688	T2780
D2302	T2148
D1192	T2769
D2576	T1120
D1633	T1284
D1259	T0639
D1633	T1816
D2862	T1540
D1679	T0178
D2827	T2235
D1192	T3376
D1332	T2120
D2268	T2870
D1826	T2937
D0261	T2660
D2087	T0376
D1688	T0800
D2770	T1284
D1652	T3166
D1741	T1034
D1363	T1860
D2585	T0752
D0949	T0298
D1122	T1744
D1603	T2387
D2845	T0660
D0014	T2890
D1896	T1240
D2241	T1658
D2631	T3071
D2828	T3132
D0616	T0175
D2488	T1788
D1700	T1277
D0491	T0855
D2737	T2703
D2798	T0339
D1012	T2051
D1841	T0554
D1772	T0002
D2848	T0442
D0929	T1749
D1403	T1102
D0189	T0333
D0728	T1934
D1097	T1755
D1702	T3316
D2042	T3227
D1734	T0794
D1826	T0283
D2883	T0486
D2530	T1541
D2602	T1049
D1893	T2323
D1005	T1816
D1917	T3274
D1020	T2704
D1940	T2854
D1914	T1935
D2237	T2542
D1886	T2593
D0611	T3278
D1918	T1401
D0273	T0238
D2837	T1957
D2087	T3312
D0068	T0138
D1431	T2510
D1761	T0118
D1049	T1932
D1366	T3380
D1937	T0700
D0192	T3268
D2845	T1553
D1633	T3013
D2302	T3238
D1168	T0615
D2433	T1659
D1633	T3251
D2985	T0943
D0010	T2248
D2993	T3374
D3079	T1884
D0189	T1509
D2588	T1350
D0623	T1929
D1748	T3033
D1210	T2623
D2200	T3245
D2587	T0609
D2552	T2437
D0230	T2660
D1884	T1240
D0955	T3145
D1475	T1958
D0297	T2248
D1093	T2214
D1688	T2275
D2204	T0491
D1688	T2205
D1741	T2169
D2850	T0181
D1998	T1631
D0709	T2555
D1336	T0527
D1688	T2026
D1937	T0698
D1299	T1241
D1688	T1232
D2802	T3027
D2312	T0867
D1688	T1231
D1633	T0773
D2349	T1589
D1102	T3316
D0748	T2251
D1299	T3134
D0323	T0112
D2449	T2458
D2867	T0784
D2219	T0206
D1007	T2816
D1049	T0672
D2167	T1909
D3001	T2065
D1539	T0869
D1896	T1261
D0382	T0112
D1850	T0523
D2277	T1062
D1902	T1667
D1839	T1934
D1688	T2572
D0886	T0256
D2009	T1453
D1669	T0123
D0949	T3438
D1256	T3238
D2381	T2804
D1183	T0587
D1467	T2279
D0949	T0359
D2576	T0762
D0386	T2915
D0802	T2645
D1633	T2654
D0855	T0962
D1741	T1032
D0760	T3222
D0949	T3085
D1190	T2131
D0913	T3330
D1793	T1958
D1557	T1292
D1633	T2037
D2210	T3344
D0802	T0231
D2815	T0551
D2350	T3217
D1991	T1351
D2169	T2247
D3011	T0669
D1311	T2723
D1331	T0777
D0735	T2285
D0650	T0120
D0423	T3061
D0204	T3062
D3021	T3288
D1366	T0065
D2087	T2470
D0536	T0138
D2850	T1682
D0847	T2214
D1366	T0569
D1399	T0170
D1217	T0801
D0156	T2660
D1993	T2082
D1795	T1076
D1204	T0521
D2673	T1779
D1516	T0559
D1012	T0256
D1429	T0504
D2845	T0527
D0268	T0855
D2551	T0179
D1667	T2805
D1240	T2066
D1633	T2747
D1416	T2558
D0263	T0855
D2899	T1541
D2320	T1799
D1838	T0771
D2980	T2087
D0576	T1379
D2302	T3018
D2914	T1074
D1470	T0956
D0294	T1290
D0802	T2402
D1183	T0859
D1414	T3465
D2360	T1840
D0919	T3316
D2793	T2984
D0048	T0112
D1633	T3292
D0618	T1347
D2187	T2575
D2475	T1424
D2087	T2850
D2037	T0241
D1332	T2038
D2602	T2494
D1429	T1556
D0176	T1111
D1159	T2315
D2526	T2865
D1633	T3005
D1332	T0986
D1530	T3435
D0404	T3070
D1606	T1506
D2698	T1960
D2784	T1179
D2537	T0297
D2349	T1302
D0949	T3214
D0647	T1634
D0524	T0854
D2302	T3384
D1826	T0268
D1528	T1360
D2276	T3316
D1658	T3080
D0064	T2080
D2085	T0442
D0471	T1111
D1366	T0565
D0125	T1111
D0593	T1885
D1058	T3182
D2756	T1812
D1406	T1740
D0307	T0082
D1688	T2097
D2973	T3367
D0023	T3060
D2483	T2417
D0660	T0609
D0293	T1512
D2044	T2585
D1290	T1473
D0900	T1014
D1318	T0928
D0949	T2859
D0801	T2306
D1332	T3218
D1202	T0128
D0269	T0441
D1961	T2913
D1569	T1848
D2137	T0527
D2957	T3097
D0433	T2080
D1821	T2130
D0204	T2526
D1241	T2458
D3052	T3415
D1743	T2264
D2302	T2640
D1741	T2450
D0480	T3024
D0933	T0418
D0220	T3199
D1144	T1892
D1633	T1050
D1826	T3471
D2368	T1128
D1652	T1915
D1142	T0208
D2926	T0243
D2456	T0522
D2433	T2835
D0551	T2386
D0649	T0776
D0621	T0408
D2575	T3146
D1081	T3372
D1012	T2279
D1741	T1892
D0707	T3206
D0779	T1461
D0881	T2942
D1893	T1066
D1531	T1824
D1741	T2048
D1813	T0662
D2419	T1130
D1332	T3466
D1290	T1474
D1020	T1099
D1900	T2056
D0673	T3316
D1469	T1934
D1192	T2249
D1332	T1714
D1570	T0378
D0324	T0076
D1017	T3145
D1429	T3368
D1940	T0474
D2792	T1011
D0066	T2212
D1770	T1015
D1096	T1499
D2756	T1203
D1688	T0738
D0949	T1394
D0656	T2375
D2302	T2047
D1736	T1799
D1688	T3349
D0157	T0492
D1177	T3246
D1768	T2417
D2302	T2091
D1017	T0802
D1940	T0629
D1316	T1129
D2428	T2500
D1738	T3438
D1951	T0442
D1530	T0807
D1661	T3075
D1183	T1673
D0949	T1154
D1332	T0675
D1796	T3280
D0559	T0931
D1633	T2706
D0307	T0085
D1181	T0353
D2576	T3078
D2265	T1703
D1633	T1350
D2387	T2429
D1741	T2001
D1069	T0194
D2471	T1589
D0296	T3268
D2551	T2933
D1580	T1503
D2302	T1668
D0364	T0115
D0743	T3415
D0692	T1358
D2965	T0197
D1411	T0829
D1246	T1730
D1276	T0811
D2148	T2871
D2779	T3215
D2302	T2842
D0480	T0326
D1029	T1492
D2214	T2167
D1940	T2049
D0452	T3343
D0478	T2054
D2501	T1087
D1633	T1872
D1359	T3340
D2072	T0442
D1940	T1862
D0810	T0007
D2633	T0459
D1598	T0377
D1738	T0581
D2784	T2368
D0485	T0115
D2354	T1114
D1406	T1851
D2979	T1821
D2302	T0692
D1796	T2223
D1020	T3248
D1332	T0592
D2784	T0537
D1299	T2184
D2756	T1368
D1633	T1161
D0465	T2081
D1577	T1222
D1633	T2465
D2595	T2061
D2887	T0897
D3052	T1607
D1271	T3344
D2756	T1802
D1937	T0704
D1256	T0067
D1012	T1294
D1020	T1403
D1572	T2271
D1688	T1361
D2639	T1499
D1688	T3348
D1940	T0690
D1886	T3294
D2301	T1325
D1633	T0409
D3026	T0953
D1743	T2164
D2574	T2847
D2051	T0356
D2850	T2035
D1688	T0572
D1332	T2348
D2756	T1709
D2234	T2688
D2156	T1755
D0620	T2341
D1020	T2187
D0379	T0017
D1743	T0111
D3017	T3357
D0368	T0854
D0998	T1839
D0171	T3006
D2784	T2278
D2077	T0442
D1299	T0896
D2417	T2190
D2756	T0550
D2190	T1912
D1633	T1679
D1688	T0246
D1069	T0142
D1652	T1163
D1020	T0549
D2736	T3316
D1940	T0710
D1192	T2325
D2593	T2009
D0174	T0444
D0428	T0138
D2471	T1592
D0919	T3318
D1799	T1703
D2459	T2084
D2221	T0909
D2631	T2297
D1633	T0667
D0886	T0121
D1375	T2417
D2576	T0779
D1940	T2120
D2842	T0059
D1735	T0794
D2756	T2828
D2782	T0899
D2676	T0128
D1505	T3344
D1020	T1461
D2832	T3187
D1940	T1965
D1433	T1938
D0439	T0112
D2302	T2724
D2939	T0462
D2663	T2223
D2756	T2518
D2589	T3118
D0933	T1206
D1831	T0890
D1857	T1701
D2867	T3462
D1888	T0772
D2522	T0609
D2351	T0565
D2706	T1395
D0350	T2166
D1827	T1193
D1217	T2765
D0378	T0441
D2480	T1447
D2009	T2435
D1332	T1857
D1614	T2339
D2897	T1730
D2137	T0187
D0003	T2054
D1035	T0780
D1400	T0172
D0962	T0914
D1491	T3346
D1518	T2551
D2867	T2559
D2784	T1511
D2537	T0296
D1810	T1265
D2548	T0190
D0949	T0378
D2481	T1447
D0224	T1024
D0627	T2328
D0949	T1383
D0064	T3060
D0949	T1042
D1453	T1216
D1450	T0551
D0995	T1582
D2053	T1771
D1937	T0716
D0029	T0114
D1698	T1817
D1029	T1490
D2642	T1545
D0814	T0222
D1012	T1344
D2215	T0671
D1958	T1373
D1135	T2343
D2866	T2420
D2759	T2906
D0242	T1299
D0424	T1925
D2162	T2343
D0927	T0254
D0393	T0143
D0395	T1111
D0949	T3105
D0802	T3418
D0949	T0634
D0142	T0082
D1230	T2446
D2959	T1879
D1020	T1753
D1616	T2142
D2926	T0197
D0802	T2044
D1240	T2065
D0775	T3324
D2576	T1313
D2937	T2746
D1120	T2309
D1926	T2819
D2474	T2472
D0064	T3062
D1940	T0476
D2087	T2161
D2572	T0323
D0053	T2346
D0159	T0077
D3051	T1570
D2087	T2348
D1433	T2564
D2018	T3134
D0075	T0420
D0678	T0967
D2010	T0897
D3003	T3077
D0114	T2730
D2655	T0771
D1318	T1326
D0086	T0931
D2302	T2793
D1033	T2853
D1037	T3226
D0535	T0112
D2260	T1798
D1012	T1342
D1524	T0850
D2985	T3403
D1826	T0904
D1748	T1047
D2786	T2375
D1143	T2395
D1937	T1905
D0554	T2453
D1688	T1003
D2988	T3342
D1343	T3151
D0422	T0112
D0143	T1024
D2548	T0430
D2459	T0672
D1688	T1818
D0557	T3208
D1910	T2438
D1182	T0195
D0346	T0112
D2973	T3368
D2527	T0750
D2655	T2352
D0077	T1913
D0386	T0167
D0802	T3065
D2631	T0799
D2548	T0750
D1652	T1217
D0083	T1042
D1241	T1474
D1419	T3291
D2981	T2218
D2087	T1708
D1945	T0654
D1940	T0696
D1540	T0302
D1545	T0371
D0949	T0327
D0502	T0112
D1049	T1931
D1069	T0183
D0975	T0055
D2699	T0794
D1715	T1186
D1952	T3430
D0802	T2083
D2760	T1755
D1236	T2279
D2885	T2157
D2379	T0662
D0719	T1949
D0330	T3006
D1144	T2877
D3064	T2214
D1883	T1283
D0163	T1187
D2641	T1975
D2277	T2179
D1762	T0118
D1095	T1025
D1819	T0369
D1411	T0789
D0132	T3246
D2359	T3133
D1636	T0442
D2867	T2494
D0625	T0435
D2524	T0463
D0038	T1111
D1688	T2272
D1847	T2279
D2548	T2358
D1155	T1929
D1243	T0924
D1640	T1426
D2123	T1233
D2879	T0450
D0892	T3142
D1111	T0787
D1598	T0378
D1614	T0761
D0886	T0202
D0140	T3062
D2867	T2745
D1940	T0717
D0461	T1378
D0042	T1290
D1366	T1702
D1066	T0861
D2589	T1711
D1619	T0001
D0174	T0441
D2995	T2974
D3001	T2066
D1937	T2872
D1940	T2505
D2661	T2224
D0968	T2908
D3009	T0853
D1033	T2178
D1688	T1951
D0648	T1634
D0953	T1500
D1938	T1240
D2302	T0199
D3025	T3032
D1538	T1904
D1192	T2074
D1967	T0527
D1567	T3332
D2961	T3190
D1677	T0335
D0801	T3225
D2842	T1545
D1246	T1731
D0448	T2386
D1628	T0478
D1366	T0930
D0420	T3062
D1741	T0291
D1200	T0404
D2557	T2913
D1020	T0597
D0137	T0138
D1589	T3226
D1940	T0839
D1183	T0467
D1633	T2327
D1633	T1933
D1826	T0905
D1695	T1933
D2431	T3215
D0053	T2054
D0145	T2963
D0004	T0441
D1900	T0048
D1299	T1106
D1688	T2715
D1294	T1473
D0418	T2246
D2302	T1499
D0544	T0559
D0882	T2319
D0323	T0018
D0830	T2212
D2366	T0639
D2434	T0575
D1170	T2418
D0336	T2660
D1633	T0751
D1903	T2032
D1807	T0320
D0289	T0332
D0202	T3024
D2434	T1182
D1633	T0027
D0949	T2555
D0681	T0408
D0896	T3183
D1051	T1929
D0028	T0115
D2986	T3358
D2861	T3333
D0933	T2442
D0608	T3316
D0324	T1913
D2302	T0997
D1358	T2707
D1106	T0743
D0949	T1403
D0949	T1877
D1940	T0683
D0949	T1226
D0904	T2800
D2087	T2971
D1741	T1183
D3021	T2018
D2577	T0203
D2440	T0928
D2788	T0442
D2690	T3359
D2692	T2308
D1038	T1397
D0135	T0112
D0221	T3007
D1388	T1434
D1691	T0178
D1144	T2517
D0684	T1673
D2881	T0961
D2918	T0177
D1633	T1686
D2302	T3461
D1826	T3264
D1172	T1884
D1298	T0909
D2365	T0291
D0313	T0931
D2297	T2942
D1510	T2214
D0163	T0502
D1990	T1351
D0987	T2503
D1941	T2867
D1688	T1867
D2996	T1821
D2609	T2372
D0269	T3070
D3019	T2197
D2863	T3295
D0387	T0115
D2016	T1764
D1732	T0117
D2825	T3051
D1020	T2907
D2145	T3226
D2401	T1922
D3053	T2492
D1945	T1118
D0424	T1842
D1741	T2220
D2548	T1786
D2571	T0642
D1878	T0288
D0424	T2644
D0949	T0303
D0812	T2212
D1428	T1671
D1264	T0992
D2864	T3316
D2555	T1934
D1825	T1395
D1633	T1705
D2979	T1822
D1633	T0606
D2046	T3237
D0510	T0244
D1299	T2265
D1633	T1130
D1633	T1036
D1886	T1228
D2437	T0459
D1743	T1178
D1834	T0498
D2142	T0054
D0029	T0112
D2087	T3047
D3040	T0382
D1493	T0458
D2260	T2767
D2240	T2180
D0374	T0857
D1317	T0459
D2277	T3112
D0379	T0016
D1893	T0808
D1332	T1423
D1741	T0091
D0748	T2253
D2302	T3455
D0064	T3059
D1940	T1362
D1813	T1413
D1406	T0125
D0174	T0442
D0421	T0855
D1253	T2071
D1633	T2133
D1633	T1945
D1826	T2819
D1095	T2364
D2181	T1016
D0658	T2500
D0177	T0017
D2695	T0924
D0949	T0782
D1358	T0652
D1245	T0489
D0949	T1501
D1406	T0364
D2009	T2279
D0998	T1834
D0949	T2425
D1243	T0349
D1411	T0565
D2518	T0200
D1741	T2631
D2776	T0958
D0619	T2118
D1069	T0265
D1610	T0864
D1940	T1831
D0236	T1643
D1269	T1257
D1022	T0204
D3068	T3123
D0401	T0622
D1425	T0200
D0569	T1171
D1331	T2530
D2809	T2484
D2904	T1947
D1406	T0320
D0445	T2963
D1419	T2040
D2414	T1843
D0949	T3445
D3011	T0442
D2444	T1912
D2349	T1695
D2844	T1767
D2850	T1937
D1118	T1683
D2478	T0059
D2101	T1934
D1477	T2970
D1940	T1936
D1926	T2435
D0276	T3006
D0481	T2660
D1012	T1157
D1999	T0072
D2615	T3316
D2302	T0382
D0892	T2973
D1358	T2945
D0386	T2901
D2985	T1519
D0781	T0442
D2867	T1341
D1940	T0720
D1365	T0877
D0616	T1069
D2746	T2145
D0737	T3341
D2267	T1429
D1406	T0836
D2920	T3344
D3049	T0184
D1873	T1016
D2053	T0698
D2784	T2755
D1332	T1067
D2551	T1069
D1435	T2870
D1896	T1256
D1633	T1699
D1966	T0222
D0748	T2256
D2087	T2831
D1448	T0132
D0802	T0154
D2673	T1782
D0074	T2994
D0496	T0931
D1332	T1672
D1049	T0670
D0055	T2215
D1354	T1392
D1715	T0869
D0696	T2982
D2306	T0205
D3026	T1745
D1183	T3102
D2906	T2269
D2756	T0584
D2548	T2634
D1142	T1649
D1531	T0312
D1633	T1101
D1844	T2279
D3009	T2586
D1020	T1826
D1565	T0511
D1688	T1841
D1235	T2190
D1886	T1256
D1940	T0625
D0059	T0115
D0396	T3062
D0415	T0073
D1833	T2148
D1669	T2895
D1403	T1515
D2673	T2070
D1830	T0181
D0709	T2077
D1940	T1360
D0528	T0139
D0428	T0017
D1741	T0090
D1697	T1016
D3077	T1913
D1463	T2961
D2701	T1028
D2380	T1333
D2150	T3408
D2349	T0808
D3002	T0349
D1940	T0631
D2639	T2964
D1535	T0185
D2772	T2247
D1681	T0442
D1549	T0535
D3041	T1804
D1271	T2476
D2053	T1942
D3026	T0951
D1038	T2272
D1948	T0690
D2756	T0495
D2621	T3226
D1824	T1333
D0270	T1507
D0500	T3039
D1020	T3214
D0690	T0794
D1826	T3049
D1029	T1483
D0458	T0021
D1295	T0757
D1886	T1127
D2100	T1575
D1567	T2171
D1049	T0284
D1898	T0366
D1940	T2785
D2624	T2691
D1955	T1373
D1299	T3233
D0128	T0082
D0014	T3020
D1106	T3374
D1726	T3332
D1743	T3450
D2876	T0794
D2139	T1016
D1567	T2343
D2473	T1588
D2658	T0527
D0237	T0326
D0034	T0848
D0949	T1836
D0968	T2316
D2896	T3443
D0827	T0894
D1033	T0397
D0531	T3062
D0437	T3250
D1020	T2289
D1299	T3150
D2308	T1200
D2982	T1823
D1201	T2159
D1688	T1871
D0623	T1933
D0835	T0222
D0862	T2417
D1608	T0297
D2540	T1760
D1012	T0096
D2444	T0967
D0802	T0223
D1049	T1927
D2700	T2606
D0801	T1343
D1302	T2717
D3039	T0451
D0801	T3409
D0831	T0526
D2276	T0072
D0974	T2343
D1475	T2473
D2302	T0164
D1944	T3284
D1743	T2451
D1787	T0156
D0218	T0870
D2668	T0048
D1796	T0175
D1925	T1730
D0965	T1279
D1144	T2101
D2740	T0164
D2286	T1765
D2916	T0204
D1741	T2103
D2466	T0204
D2983	T1816
D0622	T0366
D2998	T1667
D1905	T2279
D2182	T1016
D0698	T3174
D1773	T2474
D0991	T0442
D2043	T1929
D1144	T3418
D1332	T1267
D2675	T1942
D2548	T1945
D0331	T0148
D1179	T0392
D1176	T3108
D0385	T0076
D0834	T1206
D1299	T0591
D2756	T2552
D0067	T2311
D2945	T1231
D2305	T0205
D1869	T1167
D1724	T2098
D1155	T1930
D2095	T3307
D1533	T1875
D2654	T0120
D1073	T1233
D2792	T1337
D2087	T2014
D1330	T2212
D1331	T0321
D0933	T2225
D1494	T0761
D1268	T2684
D0983	T1231
D1940	T0470
D3042	T3409
D0385	T2081
D1613	T3344
D2147	T2549
D1633	T2036
D0777	T3228
D2053	T1197
D0949	T2217
D0767	T3324
D1366	T2783
D1633	T3181
D1633	T2545
D0525	T0855
D2349	T1591
D1633	T0943
D1633	T2793
D3031	T2009
D1733	T0794
D3026	T0949
D0546	T3343
D0966	T0224
D0619	T3213
D2183	T1738
D1633	T2125
D1244	T1434
D2683	T3132
D1650	T1750
D0555	T2340
D0324	T0021
D0949	T3205
D1406	T2954
D2741	T1453
D1215	T0442
D0280	T2081
D1822	T2043
D1823	T2722
D0778	T1130
D2309	T3341
D1881	T2437
D3017	T0503
D1633	T3366
D2133	T1494
D0584	T0931
D2588	T0049
D0910	T0893
D2386	T2429
D2845	T3475
D2334	T0396
D1887	T0272
D2066	T0609
D0949	T2546
D2486	T0805
D1242	T1641
D1688	T2277
D2179	T0870
D2936	T0349
D1288	T3316
D1688	T0140
D0924	T0223
D1670	T2635
D2137	T0025
D1020	T2883
D2223	T1430
D2302	T2145
D1614	T0865
D2701	T1025
D1332	T0665
D2691	T3132
D0324	T3061
D1153	T1804
D1183	T2463
D0430	T0632
D1850	T0227
D1982	T0612
D1184	T2457
D0065	T1449
D1332	T0362
D1365	T0742
D1633	T2662
D1377	T1480
D2680	T2299
D1858	T1171
D0047	T0083
D2652	T1384
D1889	T0772
D2673	T1783
D0454	T2392
D1416	T1168
D0199	T3382
D0412	T0021
D2784	T2289
D1117	T0012
D1366	T2669
D1688	T1000
D1633	T1468
D1645	T0658
D0931	T0523
D1940	T1941
D1692	T0442
D1940	T2776
D0722	T1755
D1068	T1367
D1332	T2532
D1029	T1484
D0569	T1913
D2044	T1063
D2576	T1187
D1121	T2131
D1864	T2565
D1633	T2052
D1069	T0107
D1299	T0964
D0118	T1913
D2898	T2692
D1928	T0483
D0849	T2478
D2177	T0349
D2414	T1844
D1755	T1755
D0201	T1134
D1922	T2446
D2880	T0530
D1741	T2944
D1371	T0873
D0664	T3134
D1267	T2416
D1606	T1795
D0428	T0855
D0026	T3024
D0675	T0609
D2111	T0894
D1009	T0554
D1388	T2363
D0075	T1111
D1688	T1863
D1188	T1751
D2502	T2092
D0188	T1465
D1134	T2343
D1047	T0261
D0032	T0070
D0176	T0328
D2975	T2983
D0629	T2894
D2605	T1736
D2722	T2960
D0068	T0854
D1623	T2375
D2377	T0487
D1736	T2946
D0965	T2279
D1858	T1201
D0766	T1934
D1615	T0201
D1886	T1259
D1443	T1910
D1385	T0095
D1020	T1820
D1332	T2304
D1418	T2188
D0015	T3007
D1303	T0746
D1688	T1949
D1299	T2458
D1476	T0170
D2319	T1755
D1351	T1896
D1741	T1718
D1940	T0641
D1940	T3159
D1217	T3103
D2926	T2696
D0654	T1832
D1220	T3057
D1937	T0510
D1088	T1733
D1688	T0360
D1530	T0317
D1354	T0276
D0217	T1465
D2913	T2652
D1366	T0993
D0066	T0035
D1289	T1541
D0709	T1852
D2655	T0756
D1699	T3377
D1076	T0200
D1652	T1916
D1940	T1964
D1887	T1067
D0865	T2423
D2793	T2982
D0266	T1354
D1069	T0024
D1684	T0301
D0637	T3374
D0763	T1958
D1341	T3476
D2360	T3272
D1069	T0146
D0278	T0984
D1366	T2027
D2358	T2180
D2703	T2743
D1020	T2532
D0949	T0980
D1633	T0919
D1017	T3080
D0949	T2927
D2282	T2650
D1966	T0223
D1464	T0600
D1688	T0825
D0381	T3054
D1648	T1716
D1652	T3327
D2302	T2587
D2277	T2731
D0875	T1753
D0474	T0083
D1826	T2437
D0519	T3062
D1826	T0887
D0802	T1207
D1946	T0460
D2888	T3339
D1144	T2497
D2203	T2833
D0001	T1378
D0260	T0020
D2020	T0177
D2223	T0772
D2550	T2394
D0849	T0011
D1114	T1765
D0027	T0855
D0583	T1481
D1332	T1162
D0428	T0018
D1743	T0590
D2519	T1295
D1524	T2774
D1633	T1121
D2293	T0658
D1633	T0556
D2074	T1152
D2576	T0039
D2947	T3188
D0577	T1111
D1531	T1163
D1354	T1406
D2642	T1984
D2030	T0176
D3069	T1250
D1315	T0953
D2645	T1384
D0012	T0115
D1406	T1479
D2041	T3309
D1024	T3130
D2802	T3028
D0535	T0017
D1743	T0664
D0741	T2190
D2580	T1072
D1614	T0863
D1741	T0975
D1688	T3408
D0619	T0343
D1454	T0144
D1886	T1260
D2583	T3327
D0255	T0082
D2802	T0817
D1187	T0127
D2026	T1287
D1812	T0534
D1940	T0689
D1633	T0223
D1131	T2343
D0933	T2900
D1332	T2100
D1743	T1318
D1579	T1320
D2229	T1354
D1940	T0422
D1053	T0650
D2928	T0190
D1333	T1410
D1203	T1572
D2247	T0387
D2867	T2545
D1688	T0067
D1183	T0417
D0257	T0855
D2613	T2032
D0848	T2942
D1743	T2478
D2576	T0767
D0405	T0073
D0806	T1970
D2117	T2097
D2661	T2312
D1403	T1517
D2039	T2722
D1894	T1264
D1687	T1366
D1183	T1129
D2867	T3294
D0772	T1130
D0493	T0855
D0897	T1522
D2036	T1337
D0361	T0834
D0949	T1155
D1231	T1541
D2437	T0487
D2889	T2615
D1012	T2952
D2021	T0222
D2302	T0299
D2773	T0752
D1503	T0317
D2308	T3463
D2675	T0127
D2047	T1090
D1583	T0343
D0357	T0332
D2802	T2626
D1940	T0247
D0179	T0015
D1633	T3395
D1012	T0925
D0113	T0083
D2604	T0187
D2800	T2162
D2955	T2968
D2594	T1353
D1248	T2971
D0739	T1995
D2433	T1108
D1331	T2523
D1324	T3316
D2096	T1424
D1904	T2269
D1019	T2157
D1411	T2127
D2055	T2470
D2335	T0662
D0793	T1025
D1940	T0712
D1366	T0092
D2100	T0366
D0094	T0420
D1192	T3434
D1012	T2212
D1028	T1934
D0153	T2453
D0295	T1354
D2899	T2746
D1940	T0526
D1020	T1754
D2966	T1117
D0947	T0639
D2441	T2157
D2360	T1716
D1418	T0790
D2591	T2870
D0272	T0018
D0154	T0139
D1009	T0556
D1530	T3432
D0754	T2417
D2028	T1422
D1940	T1370
D0976	T0897
D0907	T3124
D0327	T2412
D1069	T0106
D0191	T3070
D1332	T2568
D0931	T0210
D0999	T0556
D1326	T2215
D1633	T2177
D2003	T0968
D2178	T0527
D1741	T2495
D0390	T2491
D0872	T2417
D2469	T2132
D1611	T2790
D0271	T3070
D0949	T1537
D2063	T0187
D1398	T0289
D0064	T0854
D1940	T1140
D2046	T0355
D2781	T0576
D0965	T0349
D1477	T2746
D0401	T3382
D1736	T2952
D0949	T2704
D1633	T3018
D0739	T2343
D1688	T1312
D1688	T0823
D1403	T1110
D2302	T3156
D1940	T2636
D0933	T0136
D1011	T3165
D1652	T0102
D0699	T0025
D1133	T2343
D2365	T2977
D2302	T0384
D0582	T2386
D3009	T3365
D1066	T1564
D0802	T0700
D1688	T2267
D1365	T0062
D1826	T0922
D3009	T2219
D0113	T0086
D2784	T0180
D2489	T0402
D1025	T0933
D1012	T1521
D0263	T0018
D1531	T0036
D0948	T0639
D1601	T2244
D0710	T3280
D1395	T1130
D0474	T0085
D1940	T0620
D2548	T2500
D0642	T2894
D1826	T1876
D1299	T3392
D1633	T0291
D0467	T1465
D2196	T1289
D0733	T2986
D2713	T1949
D2734	T2682
D2246	T1747
D2349	T2322
D0949	T1821
D2703	T2939
D1633	T0875
D0640	T2174
D2257	T0794
D1197	T0403
D0892	T3143
D2189	T2962
D2091	T1463
D2592	T2343
D1886	T1258
D1684	T0302
D0585	T0559
D2313	T3416
D0949	T2440
D1689	T0970
D1217	T1442
D1038	T2600
D0493	T0018
D1332	T1458
D0801	T1375
D0636	T0508
D2013	T1461
D2910	T0522
D1633	T1585
D1183	T1240
D1743	T1010
D1494	T0760
D1366	T1197
D1527	T0491
D0968	T0638
D0077	T1378
D1826	T2435
D2132	T0379
D1563	T0894
D2308	T0158
D2321	T1805
D3052	T3413
D1741	T1425
D0286	T0855
D2344	T1469
D1038	T3438
D0369	T0018
D2012	T0527
D0952	T2015
D2769	T0752
D1741	T1035
D0920	T1736
D1654	T0422
D1826	T2934
D1047	T2861
D1741	T2943
D1012	T0322
D1033	T1922
D2469	T2235
D0231	T0082
D1020	T0580
D2913	T0456
D2622	T0120
D1150	T1080
D1069	T0056
D0802	T0410
D0065	T0910
D1743	T2706
D1976	T0127
D0939	T0376
D0469	T0018
D1962	T1445
D1647	T0526
D2509	T0611
D1056	T0802
D2950	T1668
D1914	T1934
D2955	T2957
D1743	T1293
D1826	T2629
D0572	T0328
D2302	T1664
D1782	T1879
D1937	T1963
D2283	T2897
D2798	T3053
D1253	T2350
D1471	T3210
D3077	T2710
D1985	T3189
D1473	T2180
D1554	T3242
D0018	T3062
D2028	T0087
D1008	T2309
D2985	T1190
D0212	T3061
D1461	T0349
D2141	T3382
D1637	T1653
D0964	T3374
D1787	T2279
D2074	T2303
D2349	T1098
D2493	T1081
D2078	T0442
D0014	T3019
D1299	T0836
D1886	T1227
D1917	T2420
D0506	T0621
D2401	T1921
D1020	T1534
D2347	T2852
D1220	T0593
D2958	T3192
D0475	T3060
D2919	T3344
D0459	T3006
D2927	T3344
D2080	T3077
D1688	T1929
D0949	T3248
D2526	T0048
D2925	T3147
D1012	T0397
D1506	T3344
D0268	T0431
D1940	T0472
D1399	T0957
D0809	T0609
D2133	T0037
D0428	T0015
D1069	T0249
D2881	T0963
D2753	T0944
D0345	T2386
D1085	T2320
D1167	T2218
D1406	T1169
D0870	T3134
D0709	T1945
D2895	T2279
D1843	T2279
D2336	T1924
D1273	T2279
D0853	T3134
D2673	T1558
D3026	T2090
D1682	T0946
D0209	T3207
D1643	T3107
D3011	T0869
D2641	T3267
D0705	T1634
D2300	T0200
D1183	T3136
D2728	T2214
D0949	T2371
D0426	T0855
D0309	T3039
D0638	T0692
D2411	T1613
D1857	T0068
D0240	T0434
D1029	T1491
D1826	T0888
D0469	T0855
D0026	T0442
D1012	T2942
D1440	T3344
D0571	T1808
D2170	T1415
D1281	T1585
D0707	T0048
D1332	T2840
D2056	T2424
D0377	T0112
D2433	T0488
D0551	T0931
D1143	T2004
D1924	T0690
D1183	T1096
D0334	T0148
D1020	T1471
D1200	T0403
D0657	T0246
D1576	T0217
D0949	T0286
D0819	T3316
D1418	T0527
D1741	T2609
D1940	T0726
D2087	T1124
D2087	T2010
D1908	T2437
D0178	T1913
D3060	T3406
D1020	T0322
D0949	T0249
D2586	T0814
D1334	T0527
D1005	T3316
D2198	T2149
D0949	T1538
D2130	T0240
D0427	T3054
D2973	T2978
D1893	T2334
D0560	T0441
D1633	T3143
D0101	T3060
D2432	T2068
D1366	T3446
D0428	T0020
D1484	T0578
D1183	T2766
D0179	T0855
D1567	T1947
D0713	T2435
D1633	T0158
D0732	T1229
D0515	T0076
D1899	T2319
D1318	T0130
D2756	T2463
D0417	T0073
D1252	T0489
D1500	T0511
D0408	T0492
D2994	T0104
D0505	T0855
D0195	T3070
D2950	T2183
D2302	T0033
D1826	T0269
D2776	T2554
D1688	T3253
D0914	T2992
D1353	T0397
D2820	T1879
D1238	T0511
D2759	T0411
D1449	T0973
D1971	T1671
D1369	T0873
D2913	T3433
D2302	T0004
D1815	T0661
D2087	T0505
D2256	T2173
D1012	T1487
D1731	T2731
D2053	T1832
D1896	T1985
D0433	T2081
D2277	T3306
D1644	T3263
D2520	T2426
D0358	T2340
D1633	T2582
D2071	T0442
D0967	T1204
D2724	T0609
D1192	T0924
D0978	T0931
D2418	T0465
D2516	T1775
D0451	T3004
D2548	T0071
D2028	T2397
D0949	T1529
D1940	T0725
D2610	T3143
D2302	T0826
D0047	T0082
D1742	T2951
D1610	T1998
D1800	T1160
D2879	T1648
D1012	T1848
D2634	T2942
D2624	T2655
D0182	T2340
D1940	T0711
D1038	T2015
D0666	T2417
D1939	T1639
D0160	T2953
D0232	T0082
D0635	T1197
D1043	T3226
D2548	T1901
D0949	T2481
D2444	T0970
D2205	T1829
D2357	T0486
D1023	T0204
D0486	T0082
D2576	T3244
D1119	T0559
D2648	T1384
D1652	T0837
D1979	T0120
D2119	T0163
D1940	T0483
D0553	T0983
D1332	T0569
D0926	T2433
D2185	T1503
D1633	T3459
D2681	T3349
D1736	T2942
D0695	T2698
D1633	T3466
D2887	T1576
D2461	T2484
D1299	T1453
D2759	T3180
D0748	T1212
D1418	T1787
D1886	T1166
D0016	T0112
D0877	T0381
D1047	T0262
D1956	T2285
D1940	T0697
D1994	T0801
D1944	T1182
D1299	T2563
D1940	T0733
D0885	T1041
D0290	T3062
D1127	T2621
D2941	T2872
D1984	T1934
D1392	T1130
D2909	T0522
D2720	T2794
D0163	T3092
D0493	T1378
D1149	T1804
D2850	T0331
D0210	T2320
D0150	T0112
D1501	T1769
D1332	T3261
D2469	T0993
D1938	T1673
D1358	T1304
D1012	T2435
D0988	T0442
D0344	T1111
D1542	T0361
D0785	T2212
D1940	T1898
D2302	T1332
D1688	T1167
D0670	T2894
D0166	T2995
D0933	T0549
D2184	T1690
D0869	T2417
D1106	T0658
D1332	T3459
D0488	T3003
D1496	T0768
D1633	T2030
D0547	T3002
D1633	T2608
D2840	T1910
D1937	T0691
D2133	T1547
D1306	T0398
D1332	T3190
D2328	T0209
D1940	T0511
D1970	T1766
D1069	T0098
D0803	T1564
D1192	T2146
D2721	T1467
D1498	T0883
D0942	T3043
D3026	T3246
D1330	T2214
D1512	T2143
D2407	T2484
D0982	T2668
D2774	T1009
D0519	T2710
D3018	T2408
D1870	T1838
D2759	T2904
D2444	T1182
D1682	T1087
D2859	T2961
D1849	T2279
D0821	T0962
D0407	T3070
D0691	T0366
D0229	T1091
D0802	T0526
D1633	T2752
D1688	T0452
D1688	T2100
D0521	T3061
D1940	T0684
D2126	T0193
D0012	T0034
D2702	T0246
D0517	T2365
D2902	T0519
D0621	T0366
D0033	T0630
D1886	T1238
D0187	T3002
D2302	T0596
D0949	T2189
D2302	T2873
D2888	T2277
D1530	T1222
D1940	T2111
D2402	T1440
D3042	T3404
D2565	T1947
D1903	T3372
D2533	T0197
D2087	T3150
D2084	T0442
D0949	T1869
D0306	T0082
D2302	T1599
D0245	T1476
D2807	T2144
D1906	T0979
D1891	T3083
D2053	T1933
D2270	T0787
D1937	T1904
D0762	T3374
D1366	T3230
D1663	T0631
D2524	T0397
D2795	T1319
D1767	T1440
D1606	T0341
D0505	T0015
D0268	T1378
D1937	T0688
D1688	T3313
D1940	T0686
D1532	T2727
D1183	T0162
D1633	T2313
D2926	T2180
D2302	T2884
D0274	T3389
D2784	T2279
D0146	T0139
D1282	T1585
D1826	T0884
D1233	T0387
D0820	T2341
D2553	T1349
D1366	T2465
D1418	T2601
D2172	T1318
D1241	T1519
D1606	T3271
D2275	T0559
D0096	T0441
D0949	T1487
D1613	T3359
D1332	T1981
D2682	T1222
D0507	T0139
D1342	T0615
D1741	T2005
D1858	T3130
D2537	T0295
D2499	T2448
D0235	T1376
D1931	T1635
D0431	T1354
D2465	T0388
D2029	T3235
D2556	T2465
D2967	T0071
D1531	T0944
D2157	T1755
D1534	T1595
D1940	T1328
D0635	T1204
D0044	T0077
D2586	T2594
D1431	T2722
D1223	T2147
D1940	T1139
D2604	T3073
D1857	T2997
D1213	T1234
D1717	T0309
D0997	T2269
D2595	T1670
D0540	T0021
D1585	T3226
D0470	T3007
D1567	T1025
D2503	T2971
D0597	T2343
D1012	T0909
D1594	T3398
D2144	T0356
D0168	T0139
D1553	T3151
D2538	T1559
D1463	T2168
D2140	T2427
D1332	T1201
D1621	T0172
D0046	T3060
D2574	T1189
D0925	T1541
D1155	T1935
D2014	T2159
D1478	T1319
D1020	T2273
D1658	T3079
D1179	T0393
D1940	T0703
D1626	T3256
D2588	T1225
D0104	T0115
D2787	T1809
D2589	T2612
D0026	T0326
D1033	T2689
D1826	T0889
D2049	T3173
D2408	T0967
D2682	T1216
D1429	T1469
D2730	T0438
D0953	T1728
D1973	T2347
D1996	T3231
D2610	T1727
D1413	T3470
D1774	T0486
D1741	T1296
D0998	T1519
D2053	T2818
D1373	T0529
D0931	T0524
D1155	T2269
D1299	T1240
D1633	T2008
D0707	T0285
D1416	T1305
D1652	T1218
D0008	T0073
D1688	T2378
D2302	T2651
D1183	T1202
D3058	T2366
D2843	T0565
D1012	T0310
D1020	T1547
D1737	T0527
D1940	T1022
D1691	T1560
D1940	T2240
